run_date,workbook_id,run_status,duration_seconds,rows_processed,freshness_lag_hours
2026-02-01,WB001,Success,118,810543,36
2026-02-01,WB002,Success,57,451757,7
2026-02-01,WB003,Success,129,1857554,42
2026-02-01,WB004,Success,289,346158,25
2026-02-01,WB005,Success,153,448181,3
2026-02-01,WB006,Success,213,734910,28
2026-02-01,WB007,Success,273,2625186,6
2026-02-01,WB008,Success,212,1638916,36
2026-02-01,WB009,Failed,240,1319018,38
2026-02-01,WB010,Success,326,1302348,22
2026-02-01,WB011,Success,186,1158900,5
2026-02-01,WB012,Success,118,827331,15
2026-02-01,WB013,Success,246,1533603,27
2026-02-01,WB014,Success,272,598301,36
2026-02-01,WB015,Success,312,2186902,30
2026-02-01,WB016,Failed,298,2471063,20
2026-02-01,WB017,Success,316,602720,22
2026-02-01,WB018,Success,385,956529,21
2026-02-01,WB019,Success,229,744969,5
2026-02-01,WB020,Success,158,2529143,3
2026-02-01,WB021,Success,196,2407066,26
2026-02-01,WB022,Success,381,390003,24
2026-02-01,WB023,Success,384,1916143,30
2026-02-01,WB024,Success,357,2509657,12
2026-02-01,WB025,Success,161,1396943,26
2026-02-01,WB026,Success,285,1150597,18
2026-02-01,WB027,Success,207,1440409,41
2026-02-01,WB028,Success,117,1259437,17
2026-02-02,WB001,Success,337,2331947,29
2026-02-02,WB002,Success,155,1518775,20
2026-02-02,WB003,Success,251,2659392,12
2026-02-02,WB004,Success,163,728748,27
2026-02-02,WB005,Success,23,890652,12
2026-02-02,WB006,Failed,210,1568274,41
2026-02-02,WB007,Success,302,2716039,22
2026-02-02,WB008,Success,36,555975,42
2026-02-02,WB009,Success,230,615298,36
2026-02-02,WB010,Success,147,545797,34
2026-02-02,WB011,Success,312,1114307,9
2026-02-02,WB012,Success,225,1037310,41
2026-02-02,WB013,Success,184,1906481,36
2026-02-02,WB014,Success,75,2635700,14
2026-02-02,WB015,Success,123,2688851,5
2026-02-02,WB016,Success,289,506442,20
2026-02-02,WB017,Failed,272,2197839,13
2026-02-02,WB018,Success,235,364674,9
2026-02-02,WB019,Success,394,1009714,3
2026-02-02,WB020,Success,180,1099240,25
2026-02-02,WB021,Failed,152,1720739,35
2026-02-02,WB022,Success,326,2726439,6
2026-02-02,WB023,Success,318,917009,36
2026-02-02,WB024,Success,377,543446,16
2026-02-02,WB025,Success,88,883965,16
2026-02-02,WB026,Failed,29,1816429,31
2026-02-02,WB027,Success,154,1925612,3
2026-02-02,WB028,Success,398,718356,31
2026-02-03,WB001,Success,270,448406,41
2026-02-03,WB002,Success,339,956478,17
2026-02-03,WB003,Success,156,1194847,28
2026-02-03,WB004,Failed,134,2239514,9
2026-02-03,WB005,Success,136,1701743,28
2026-02-03,WB006,Success,74,894510,42
2026-02-03,WB007,Success,286,2088173,6
2026-02-03,WB008,Success,376,1838396,29
2026-02-03,WB009,Success,108,1043134,8
2026-02-03,WB010,Failed,20,2774224,31
2026-02-03,WB011,Success,347,372873,2
2026-02-03,WB012,Success,128,922097,17
2026-02-03,WB013,Success,104,1337908,38
2026-02-03,WB014,Success,242,2719784,41
2026-02-03,WB015,Success,106,1164740,39
2026-02-03,WB016,Success,348,158022,25
2026-02-03,WB017,Failed,73,912246,25
2026-02-03,WB018,Success,213,395506,3
2026-02-03,WB019,Success,225,2332766,9
2026-02-03,WB020,Success,56,2443569,16
2026-02-03,WB021,Success,113,2112872,6
2026-02-03,WB022,Success,138,1975543,6
2026-02-03,WB023,Success,373,263828,34
2026-02-03,WB024,Success,75,1900818,25
2026-02-03,WB025,Failed,200,301738,22
2026-02-03,WB026,Success,285,753576,35
2026-02-03,WB027,Success,160,1217377,6
2026-02-03,WB028,Success,347,821222,22
2026-02-04,WB001,Success,313,800715,21
2026-02-04,WB002,Success,299,2472499,15
2026-02-04,WB003,Success,64,1935124,33
2026-02-04,WB004,Success,53,1455289,32
2026-02-04,WB005,Success,155,2296277,21
2026-02-04,WB006,Success,137,344107,40
2026-02-04,WB007,Success,352,995729,19
2026-02-04,WB008,Success,157,597274,5
2026-02-04,WB009,Failed,84,2604190,17
2026-02-04,WB010,Success,191,378785,2
2026-02-04,WB011,Success,401,1784486,27
2026-02-04,WB012,Success,308,939863,8
2026-02-04,WB013,Failed,35,1639202,13
2026-02-04,WB014,Success,206,1995194,32
2026-02-04,WB015,Success,28,1488016,22
2026-02-04,WB016,Success,180,68862,17
2026-02-04,WB017,Success,43,1589724,18
2026-02-04,WB018,Success,214,989958,42
2026-02-04,WB019,Success,23,2448946,33
2026-02-04,WB020,Success,395,1817887,33
2026-02-04,WB021,Success,373,1502524,35
2026-02-04,WB022,Success,254,892354,3
2026-02-04,WB023,Failed,256,1160605,18
2026-02-04,WB024,Success,238,2468046,28
2026-02-04,WB025,Success,34,252412,15
2026-02-04,WB026,Success,96,1958996,21
2026-02-04,WB027,Success,214,2416706,19
2026-02-04,WB028,Success,199,2102633,24
2026-02-05,WB001,Success,124,2306927,11
2026-02-05,WB002,Failed,175,1348526,2
2026-02-05,WB003,Success,325,2716035,36
2026-02-05,WB004,Success,83,1986809,2
2026-02-05,WB005,Success,334,1131025,9
2026-02-05,WB006,Success,101,1681298,11
2026-02-05,WB007,Success,79,1617139,17
2026-02-05,WB008,Success,344,1947294,18
2026-02-05,WB009,Success,284,1721765,38
2026-02-05,WB010,Success,400,34070,20
2026-02-05,WB011,Success,159,1913015,14
2026-02-05,WB012,Success,202,547053,28
2026-02-05,WB013,Success,46,1218002,7
2026-02-05,WB014,Success,221,2089686,20
2026-02-05,WB015,Failed,160,1420794,11
2026-02-05,WB016,Success,176,849984,8
2026-02-05,WB017,Success,273,255065,15
2026-02-05,WB018,Success,282,2746769,19
2026-02-05,WB019,Success,317,1541429,41
2026-02-05,WB020,Failed,208,2210605,26
2026-02-05,WB021,Success,314,344456,25
2026-02-05,WB022,Success,177,269404,31
2026-02-05,WB023,Success,27,1844386,12
2026-02-05,WB024,Success,180,448740,28
2026-02-05,WB025,Success,347,1253526,14
2026-02-05,WB026,Success,113,2051828,27
2026-02-05,WB027,Failed,383,242330,29
2026-02-05,WB028,Success,49,1999211,38
2026-02-06,WB001,Success,303,1180172,8
2026-02-06,WB002,Success,227,2433117,8
2026-02-06,WB003,Success,285,1550808,18
2026-02-06,WB004,Success,368,1726520,27
2026-02-06,WB005,Failed,391,2517518,34
2026-02-06,WB006,Success,315,2436873,3
2026-02-06,WB007,Success,175,892943,2
2026-02-06,WB008,Success,406,2664541,24
2026-02-06,WB009,Success,418,848606,29
2026-02-06,WB010,Success,356,1560913,14
2026-02-06,WB011,Success,164,644120,16
2026-02-06,WB012,Success,281,2216205,34
2026-02-06,WB013,Success,321,1891083,39
2026-02-06,WB014,Success,237,746953,10
2026-02-06,WB015,Success,145,2221668,12
2026-02-06,WB016,Success,284,713187,22
2026-02-06,WB017,Failed,288,2106887,5
2026-02-06,WB018,Success,280,2555300,6
2026-02-06,WB019,Success,332,669556,21
2026-02-06,WB020,Success,197,1590596,35
2026-02-06,WB021,Failed,84,56936,4
2026-02-06,WB022,Success,163,159536,6
2026-02-06,WB023,Success,173,1603073,16
2026-02-06,WB024,Success,226,381661,26
2026-02-06,WB025,Success,379,2165815,29
2026-02-06,WB026,Success,249,2676209,3
2026-02-06,WB027,Success,84,1818522,36
2026-02-06,WB028,Success,323,1662418,14
2026-02-07,WB001,Success,61,536463,33
2026-02-07,WB002,Success,107,1799516,8
2026-02-07,WB003,Success,371,647900,3
2026-02-07,WB004,Success,306,2456398,32
2026-02-07,WB005,Success,384,1074861,36
2026-02-07,WB006,Success,243,2720994,2
2026-02-07,WB007,Success,148,133595,11
2026-02-07,WB008,Success,395,794316,37
2026-02-07,WB009,Success,264,1304721,37
2026-02-07,WB010,Success,217,1944206,10
2026-02-07,WB011,Success,279,2408063,27
2026-02-07,WB012,Success,124,1478756,30
2026-02-07,WB013,Success,28,1722170,9
2026-02-07,WB014,Success,374,1434429,15
2026-02-07,WB015,Success,284,1483525,7
2026-02-07,WB016,Success,81,2283858,2
2026-02-07,WB017,Success,331,380441,12
2026-02-07,WB018,Success,368,408341,27
2026-02-07,WB019,Success,75,196647,12
2026-02-07,WB020,Success,419,2515012,11
2026-02-07,WB021,Success,273,1449558,23
2026-02-07,WB022,Success,82,1098710,36
2026-02-07,WB023,Success,80,1998233,33
2026-02-07,WB024,Success,184,388535,9
2026-02-07,WB025,Success,337,1416025,8
2026-02-07,WB026,Success,165,544080,7
2026-02-07,WB027,Success,165,2742909,29
2026-02-07,WB028,Success,252,1591367,2
2026-02-08,WB001,Success,103,437512,39
2026-02-08,WB002,Success,143,1943458,34
2026-02-08,WB003,Success,159,2043813,41
2026-02-08,WB004,Success,235,2685756,37
2026-02-08,WB005,Success,385,2517545,40
2026-02-08,WB006,Success,152,856002,2
2026-02-08,WB007,Success,385,652279,18
2026-02-08,WB008,Success,223,2463944,33
2026-02-08,WB009,Success,140,1705191,25
2026-02-08,WB010,Success,262,2145711,37
2026-02-08,WB011,Success,173,632528,16
2026-02-08,WB012,Success,95,2122856,19
2026-02-08,WB013,Success,211,1834748,9
2026-02-08,WB014,Success,199,591108,39
2026-02-08,WB015,Success,402,2741356,28
2026-02-08,WB016,Success,58,2643788,3
2026-02-08,WB017,Success,235,2725428,40
2026-02-08,WB018,Success,274,624932,11
2026-02-08,WB019,Success,406,1012817,11
2026-02-08,WB020,Success,362,2172091,8
2026-02-08,WB021,Success,382,356050,29
2026-02-08,WB022,Success,306,2533821,2
2026-02-08,WB023,Success,114,2497915,12
2026-02-08,WB024,Success,221,1781863,19
2026-02-08,WB025,Failed,269,1014725,28
2026-02-08,WB026,Success,145,2633005,23
2026-02-08,WB027,Failed,171,2284288,26
2026-02-08,WB028,Success,356,60636,19
2026-02-09,WB001,Success,295,1908542,17
2026-02-09,WB002,Success,205,1825987,37
2026-02-09,WB003,Success,57,440899,37
2026-02-09,WB004,Success,300,1669059,20
2026-02-09,WB005,Success,156,2518258,23
2026-02-09,WB006,Success,378,189236,34
2026-02-09,WB007,Success,218,2192721,8
2026-02-09,WB008,Success,135,745591,18
2026-02-09,WB009,Success,179,1977984,23
2026-02-09,WB010,Success,163,2736873,23
2026-02-09,WB011,Success,190,1325425,34
2026-02-09,WB012,Success,216,646185,25
2026-02-09,WB013,Success,242,2044873,27
2026-02-09,WB014,Failed,399,30354,25
2026-02-09,WB015,Success,323,2720069,13
2026-02-09,WB016,Success,88,143977,16
2026-02-09,WB017,Success,297,1683809,22
2026-02-09,WB018,Success,175,1893166,22
2026-02-09,WB019,Success,306,167782,2
2026-02-09,WB020,Success,224,1988973,10
2026-02-09,WB021,Success,100,37090,9
2026-02-09,WB022,Success,170,1250508,35
2026-02-09,WB023,Success,93,1699456,7
2026-02-09,WB024,Success,135,1902737,17
2026-02-09,WB025,Success,137,2189122,37
2026-02-09,WB026,Success,368,2253979,32
2026-02-09,WB027,Success,28,1810430,12
2026-02-09,WB028,Success,108,2728077,31
2026-02-10,WB001,Success,141,2571100,29
2026-02-10,WB002,Failed,185,891269,42
2026-02-10,WB003,Success,171,1200180,21
2026-02-10,WB004,Success,124,628735,26
2026-02-10,WB005,Success,23,1905699,20
2026-02-10,WB006,Success,198,1930843,27
2026-02-10,WB007,Success,417,1357002,40
2026-02-10,WB008,Success,386,2034073,22
2026-02-10,WB009,Success,402,1791764,31
2026-02-10,WB010,Success,266,2326632,39
2026-02-10,WB011,Success,227,1937707,36
2026-02-10,WB012,Success,238,1453759,4
2026-02-10,WB013,Success,313,2083990,13
2026-02-10,WB014,Success,55,2572714,4
2026-02-10,WB015,Success,355,942301,8
2026-02-10,WB016,Failed,301,1217457,32
2026-02-10,WB017,Success,151,1067618,9
2026-02-10,WB018,Success,369,1288010,1
2026-02-10,WB019,Success,163,478677,21
2026-02-10,WB020,Success,188,469515,33
2026-02-10,WB021,Success,187,1223115,22
2026-02-10,WB022,Success,62,980967,14
2026-02-10,WB023,Failed,160,1347303,33
2026-02-10,WB024,Success,235,933649,33
2026-02-10,WB025,Success,292,1015868,7
2026-02-10,WB026,Success,179,2634243,41
2026-02-10,WB027,Success,114,420904,12
2026-02-10,WB028,Success,19,1497634,31
2026-02-11,WB001,Success,63,660866,25
2026-02-11,WB002,Success,68,289400,8
2026-02-11,WB003,Success,385,1999156,12
2026-02-11,WB004,Success,95,1182990,31
2026-02-11,WB005,Success,154,2297392,35
2026-02-11,WB006,Success,315,786589,5
2026-02-11,WB007,Success,44,1213370,36
2026-02-11,WB008,Success,107,2114670,34
2026-02-11,WB009,Success,393,1778708,6
2026-02-11,WB010,Success,58,1579235,34
2026-02-11,WB011,Success,207,971180,36
2026-02-11,WB012,Success,124,1310744,32
2026-02-11,WB013,Success,305,26741,31
2026-02-11,WB014,Success,325,2088729,3
2026-02-11,WB015,Success,150,951231,24
2026-02-11,WB016,Success,359,2037094,38
2026-02-11,WB017,Success,49,411775,38
2026-02-11,WB018,Success,145,1084112,40
2026-02-11,WB019,Success,241,572866,22
2026-02-11,WB020,Failed,93,7095,40
2026-02-11,WB021,Success,135,542136,22
2026-02-11,WB022,Success,288,2446765,41
2026-02-11,WB023,Success,60,1965815,18
2026-02-11,WB024,Success,210,326304,34
2026-02-11,WB025,Failed,348,823878,41
2026-02-11,WB026,Success,176,1370096,29
2026-02-11,WB027,Success,129,1759879,36
2026-02-11,WB028,Success,106,897150,16
2026-02-12,WB001,Success,273,1840472,2
2026-02-12,WB002,Success,417,1304224,22
2026-02-12,WB003,Success,32,2439621,7
2026-02-12,WB004,Success,230,978618,14
2026-02-12,WB005,Success,227,1732494,23
2026-02-12,WB006,Success,125,155671,26
2026-02-12,WB007,Success,145,1339052,9
2026-02-12,WB008,Success,198,1360938,42
2026-02-12,WB009,Failed,175,1962314,16
2026-02-12,WB010,Failed,252,1642050,29
2026-02-12,WB011,Success,157,1996320,9
2026-02-12,WB012,Success,120,1745274,8
2026-02-12,WB013,Success,262,1898777,3
2026-02-12,WB014,Success,103,1491747,31
2026-02-12,WB015,Success,397,353394,25
2026-02-12,WB016,Success,334,918409,34
2026-02-12,WB017,Failed,131,1786900,34
2026-02-12,WB018,Success,269,1593614,41
2026-02-12,WB019,Success,356,1700755,31
2026-02-12,WB020,Success,313,2517434,2
2026-02-12,WB021,Success,256,127550,6
2026-02-12,WB022,Success,349,1786652,24
2026-02-12,WB023,Success,419,1287083,33
2026-02-12,WB024,Success,410,1229436,30
2026-02-12,WB025,Failed,59,2237139,34
2026-02-12,WB026,Success,272,34705,17
2026-02-12,WB027,Failed,381,1263942,24
2026-02-12,WB028,Success,369,2531182,22
2026-02-13,WB001,Success,43,857307,25
2026-02-13,WB002,Success,30,986138,42
2026-02-13,WB003,Success,380,2475471,10
2026-02-13,WB004,Success,256,503813,24
2026-02-13,WB005,Success,312,1484613,4
2026-02-13,WB006,Success,197,2173535,14
2026-02-13,WB007,Success,215,1838068,10
2026-02-13,WB008,Success,182,367523,11
2026-02-13,WB009,Success,293,185218,20
2026-02-13,WB010,Success,52,2573378,20
2026-02-13,WB011,Success,279,900080,3
2026-02-13,WB012,Success,30,1886256,7
2026-02-13,WB013,Success,69,539575,21
2026-02-13,WB014,Success,111,2780739,26
2026-02-13,WB015,Success,74,426490,1
2026-02-13,WB016,Success,380,2337385,32
2026-02-13,WB017,Success,100,2637120,2
2026-02-13,WB018,Success,248,2388967,32
2026-02-13,WB019,Success,349,573605,6
2026-02-13,WB020,Success,227,2276403,13
2026-02-13,WB021,Success,147,455951,6
2026-02-13,WB022,Success,215,164373,25
2026-02-13,WB023,Success,408,1063740,36
2026-02-13,WB024,Success,317,121615,23
2026-02-13,WB025,Failed,197,1602525,29
2026-02-13,WB026,Success,179,2605921,10
2026-02-13,WB027,Success,249,1359912,41
2026-02-13,WB028,Success,63,713815,28
2026-02-14,WB001,Failed,189,2331337,13
2026-02-14,WB002,Success,36,1759914,3
2026-02-14,WB003,Success,288,840521,17
2026-02-14,WB004,Success,80,1515985,2
2026-02-14,WB005,Success,141,1694615,4
2026-02-14,WB006,Success,344,549681,25
2026-02-14,WB007,Success,275,1769040,37
2026-02-14,WB008,Success,298,1172973,40
2026-02-14,WB009,Success,272,1717002,21
2026-02-14,WB010,Success,36,1770263,9
2026-02-14,WB011,Success,227,1083706,1
2026-02-14,WB012,Success,91,2481187,27
2026-02-14,WB013,Success,326,1980247,5
2026-02-14,WB014,Success,166,2673106,3
2026-02-14,WB015,Success,149,1752200,34
2026-02-14,WB016,Success,412,1383280,34
2026-02-14,WB017,Success,101,2592888,18
2026-02-14,WB018,Success,411,730741,31
2026-02-14,WB019,Success,164,1766342,32
2026-02-14,WB020,Success,300,1117837,30
2026-02-14,WB021,Success,374,1569946,31
2026-02-14,WB022,Success,408,2196479,11
2026-02-14,WB023,Success,229,2701773,18
2026-02-14,WB024,Success,221,1214063,33
2026-02-14,WB025,Success,218,597606,40
2026-02-14,WB026,Success,279,2714092,31
2026-02-14,WB027,Success,271,1507647,17
2026-02-14,WB028,Success,185,461471,24
2026-02-15,WB001,Success,339,2412911,13
2026-02-15,WB002,Success,355,1467505,14
2026-02-15,WB003,Success,301,1861314,3
2026-02-15,WB004,Success,274,2674569,18
2026-02-15,WB005,Success,391,2593442,10
2026-02-15,WB006,Success,96,1355480,36
2026-02-15,WB007,Success,149,368011,17
2026-02-15,WB008,Success,363,97547,19
2026-02-15,WB009,Success,306,912012,9
2026-02-15,WB010,Success,228,781309,34
2026-02-15,WB011,Failed,383,710548,34
2026-02-15,WB012,Success,248,1528967,9
2026-02-15,WB013,Success,19,1511351,22
2026-02-15,WB014,Failed,52,2212494,3
2026-02-15,WB015,Success,32,2643996,40
2026-02-15,WB016,Success,173,1751445,24
2026-02-15,WB017,Success,394,1898793,6
2026-02-15,WB018,Success,382,1175441,30
2026-02-15,WB019,Success,324,2170373,20
2026-02-15,WB020,Success,153,1271347,23
2026-02-15,WB021,Success,138,1505962,16
2026-02-15,WB022,Success,61,405143,37
2026-02-15,WB023,Success,390,98335,38
2026-02-15,WB024,Success,95,903468,5
2026-02-15,WB025,Success,347,1863466,39
2026-02-15,WB026,Success,96,1634870,23
2026-02-15,WB027,Success,205,2217860,20
2026-02-15,WB028,Success,331,1945725,37
2026-02-16,WB001,Success,209,1185576,21
2026-02-16,WB002,Success,174,180857,12
2026-02-16,WB003,Failed,312,2704935,35
2026-02-16,WB004,Success,134,763840,8
2026-02-16,WB005,Success,347,134919,29
2026-02-16,WB006,Success,390,1886988,8
2026-02-16,WB007,Success,339,1066249,1
2026-02-16,WB008,Success,253,146033,23
2026-02-16,WB009,Success,128,1997164,34
2026-02-16,WB010,Success,169,939489,25
2026-02-16,WB011,Success,330,2313873,3
2026-02-16,WB012,Success,227,1092706,35
2026-02-16,WB013,Success,203,1675709,28
2026-02-16,WB014,Success,403,2401609,42
2026-02-16,WB015,Failed,67,369954,41
2026-02-16,WB016,Success,121,196129,35
2026-02-16,WB017,Success,221,2636370,17
2026-02-16,WB018,Success,359,28314,31
2026-02-16,WB019,Success,402,601399,22
2026-02-16,WB020,Success,244,995134,7
2026-02-16,WB021,Success,158,312066,14
2026-02-16,WB022,Success,214,1595969,35
2026-02-16,WB023,Success,166,429561,40
2026-02-16,WB024,Success,72,174793,41
2026-02-16,WB025,Success,44,1842510,26
2026-02-16,WB026,Success,384,1127029,40
2026-02-16,WB027,Success,316,684932,39
2026-02-16,WB028,Success,385,1716113,3
2026-02-17,WB001,Success,84,1093892,14
2026-02-17,WB002,Success,33,1424726,41
2026-02-17,WB003,Success,40,191826,11
2026-02-17,WB004,Success,172,300723,10
2026-02-17,WB005,Success,388,1193571,42
2026-02-17,WB006,Success,419,272753,2
2026-02-17,WB007,Success,96,1533068,28
2026-02-17,WB008,Success,380,1050557,21
2026-02-17,WB009,Success,287,729760,25
2026-02-17,WB010,Success,199,1789958,7
2026-02-17,WB011,Success,127,44679,34
2026-02-17,WB012,Success,418,137543,29
2026-02-17,WB013,Success,68,2311214,11
2026-02-17,WB014,Success,369,2630025,8
2026-02-17,WB015,Success,395,760570,35
2026-02-17,WB016,Success,293,1728296,15
2026-02-17,WB017,Success,299,1561917,8
2026-02-17,WB018,Success,381,541167,23
2026-02-17,WB019,Success,296,1817221,15
2026-02-17,WB020,Success,336,1388798,21
2026-02-17,WB021,Success,342,1270769,14
2026-02-17,WB022,Success,270,130809,3
2026-02-17,WB023,Success,93,218376,10
2026-02-17,WB024,Success,118,234088,20
2026-02-17,WB025,Success,88,386278,16
2026-02-17,WB026,Success,381,1860277,32
2026-02-17,WB027,Success,243,394724,13
2026-02-17,WB028,Success,187,2307952,30
2026-02-18,WB001,Success,85,2576241,16
2026-02-18,WB002,Success,290,2219488,32
2026-02-18,WB003,Success,311,403594,14
2026-02-18,WB004,Success,181,782609,27
2026-02-18,WB005,Success,53,2427434,28
2026-02-18,WB006,Success,132,2286632,39
2026-02-18,WB007,Success,303,488633,30
2026-02-18,WB008,Success,162,493395,16
2026-02-18,WB009,Success,217,2390303,29
2026-02-18,WB010,Success,327,2312867,37
2026-02-18,WB011,Success,391,459505,15
2026-02-18,WB012,Success,338,1343457,26
2026-02-18,WB013,Success,224,1773646,31
2026-02-18,WB014,Success,99,1897000,26
2026-02-18,WB015,Success,234,2661566,18
2026-02-18,WB016,Success,384,1273436,18
2026-02-18,WB017,Success,77,2509304,35
2026-02-18,WB018,Success,412,160176,18
2026-02-18,WB019,Success,310,970561,9
2026-02-18,WB020,Success,375,2026155,3
2026-02-18,WB021,Success,259,941846,21
2026-02-18,WB022,Failed,78,1510569,32
2026-02-18,WB023,Failed,31,532309,39
2026-02-18,WB024,Success,104,936307,33
2026-02-18,WB025,Success,246,1978261,24
2026-02-18,WB026,Success,304,1843064,37
2026-02-18,WB027,Success,280,1167387,22
2026-02-18,WB028,Success,413,2285144,28
2026-02-19,WB001,Success,250,2492640,2
2026-02-19,WB002,Success,396,2688950,35
2026-02-19,WB003,Success,321,340823,19
2026-02-19,WB004,Failed,109,705162,15
2026-02-19,WB005,Success,128,2680866,34
2026-02-19,WB006,Success,297,210603,8
2026-02-19,WB007,Success,339,1721780,23
2026-02-19,WB008,Success,100,919790,41
2026-02-19,WB009,Success,321,645304,27
2026-02-19,WB010,Success,309,2146175,32
2026-02-19,WB011,Success,356,1383242,36
2026-02-19,WB012,Success,315,1148076,39
2026-02-19,WB013,Success,364,954482,32
2026-02-19,WB014,Success,415,34285,28
2026-02-19,WB015,Success,359,1951707,16
2026-02-19,WB016,Success,222,1664378,27
2026-02-19,WB017,Success,224,842787,35
2026-02-19,WB018,Success,408,133700,37
2026-02-19,WB019,Success,22,1601868,35
2026-02-19,WB020,Success,166,2178047,15
2026-02-19,WB021,Success,20,1565143,31
2026-02-19,WB022,Success,413,1238027,9
2026-02-19,WB023,Success,40,2616308,28
2026-02-19,WB024,Success,288,2008117,4
2026-02-19,WB025,Success,147,186709,14
2026-02-19,WB026,Failed,212,440400,1
2026-02-19,WB027,Success,243,380178,28
2026-02-19,WB028,Failed,244,257994,13
2026-02-20,WB001,Success,201,937556,13
2026-02-20,WB002,Success,174,1693166,4
2026-02-20,WB003,Success,121,325895,36
2026-02-20,WB004,Success,141,1580138,33
2026-02-20,WB005,Success,307,1412362,1
2026-02-20,WB006,Success,174,2007574,17
2026-02-20,WB007,Success,163,1337820,16
2026-02-20,WB008,Success,257,2375758,20
2026-02-20,WB009,Success,37,1130098,10
2026-02-20,WB010,Failed,120,13461,2
2026-02-20,WB011,Success,366,1516952,5
2026-02-20,WB012,Success,361,2149493,9
2026-02-20,WB013,Success,148,1708712,1
2026-02-20,WB014,Success,77,1723941,33
2026-02-20,WB015,Success,366,1150613,28
2026-02-20,WB016,Success,245,889102,23
2026-02-20,WB017,Success,294,1449820,20
2026-02-20,WB018,Success,399,1145093,10
2026-02-20,WB019,Success,367,92135,9
2026-02-20,WB020,Success,250,2035154,28
2026-02-20,WB021,Success,354,1103393,27
2026-02-20,WB022,Success,237,15644,14
2026-02-20,WB023,Failed,60,730549,2
2026-02-20,WB024,Success,182,1475712,4
2026-02-20,WB025,Success,163,1247444,9
2026-02-20,WB026,Success,86,2391664,15
2026-02-20,WB027,Success,355,2575271,28
2026-02-20,WB028,Success,247,1696020,21
2026-02-21,WB001,Success,31,2462715,17
2026-02-21,WB002,Success,297,846247,27
2026-02-21,WB003,Success,294,2430791,23
2026-02-21,WB004,Success,371,773193,26
2026-02-21,WB005,Success,72,2712364,33
2026-02-21,WB006,Success,399,1799201,21
2026-02-21,WB007,Success,389,161359,32
2026-02-21,WB008,Failed,323,935906,41
2026-02-21,WB009,Success,325,311656,3
2026-02-21,WB010,Success,33,536735,35
2026-02-21,WB011,Success,338,1660674,3
2026-02-21,WB012,Success,245,354076,30
2026-02-21,WB013,Success,79,2487646,34
2026-02-21,WB014,Success,276,951148,8
2026-02-21,WB015,Success,357,2256571,19
2026-02-21,WB016,Failed,375,1698553,15
2026-02-21,WB017,Success,406,398869,21
2026-02-21,WB018,Success,156,1740516,17
2026-02-21,WB019,Success,97,860707,6
2026-02-21,WB020,Success,371,1135809,32
2026-02-21,WB021,Failed,272,55027,2
2026-02-21,WB022,Success,392,2173376,19
2026-02-21,WB023,Success,382,143250,13
2026-02-21,WB024,Failed,236,2477623,33
2026-02-21,WB025,Success,277,131677,35
2026-02-21,WB026,Success,305,2263419,13
2026-02-21,WB027,Success,112,1117567,40
2026-02-21,WB028,Success,45,585767,9
2026-02-22,WB001,Success,371,529917,20
2026-02-22,WB002,Success,352,149173,31
2026-02-22,WB003,Success,416,519911,30
2026-02-22,WB004,Success,69,1111698,18
2026-02-22,WB005,Success,377,2551075,20
2026-02-22,WB006,Failed,248,653695,2
2026-02-22,WB007,Success,350,2164107,23
2026-02-22,WB008,Success,98,1106242,17
2026-02-22,WB009,Success,124,686397,11
2026-02-22,WB010,Success,292,1484254,40
2026-02-22,WB011,Success,242,346241,30
2026-02-22,WB012,Success,370,374284,15
2026-02-22,WB013,Success,371,2356732,36
2026-02-22,WB014,Success,289,1792019,19
2026-02-22,WB015,Success,208,2379348,21
2026-02-22,WB016,Success,87,1649452,27
2026-02-22,WB017,Success,118,137221,33
2026-02-22,WB018,Success,78,2346750,21
2026-02-22,WB019,Success,278,818098,2
2026-02-22,WB020,Success,360,2383808,24
2026-02-22,WB021,Success,356,2676986,33
2026-02-22,WB022,Failed,59,121484,37
2026-02-22,WB023,Failed,119,1583485,8
2026-02-22,WB024,Success,306,512534,9
2026-02-22,WB025,Success,164,1333814,29
2026-02-22,WB026,Success,112,2442220,7
2026-02-22,WB027,Success,368,1777514,8
2026-02-22,WB028,Success,398,218619,6
2026-02-23,WB001,Success,60,1093848,9
2026-02-23,WB002,Success,125,2007609,8
2026-02-23,WB003,Success,345,1037886,27
2026-02-23,WB004,Success,173,927548,14
2026-02-23,WB005,Success,107,1181273,31
2026-02-23,WB006,Failed,121,2218640,8
2026-02-23,WB007,Success,188,1712690,11
2026-02-23,WB008,Success,371,276988,40
2026-02-23,WB009,Success,47,823002,10
2026-02-23,WB010,Success,382,583331,22
2026-02-23,WB011,Failed,177,650088,27
2026-02-23,WB012,Success,245,2676476,8
2026-02-23,WB013,Success,224,2218366,38
2026-02-23,WB014,Success,369,71411,15
2026-02-23,WB015,Success,50,553001,6
2026-02-23,WB016,Success,97,2712107,40
2026-02-23,WB017,Success,108,2328801,9
2026-02-23,WB018,Success,54,904012,26
2026-02-23,WB019,Failed,342,1768801,27
2026-02-23,WB020,Success,203,2091222,36
2026-02-23,WB021,Success,20,1437535,18
2026-02-23,WB022,Success,44,728354,34
2026-02-23,WB023,Success,94,2463994,17
2026-02-23,WB024,Success,129,1432092,40
2026-02-23,WB025,Success,63,529274,28
2026-02-23,WB026,Success,102,382433,28
2026-02-23,WB027,Success,194,1593909,34
2026-02-23,WB028,Success,66,438611,21
2026-02-24,WB001,Success,238,1464892,28
2026-02-24,WB002,Success,74,1274712,8
2026-02-24,WB003,Success,290,1872386,12
2026-02-24,WB004,Success,148,869979,33
2026-02-24,WB005,Success,170,1566118,18
2026-02-24,WB006,Success,416,2763801,11
2026-02-24,WB007,Success,121,1561465,42
2026-02-24,WB008,Success,180,1125391,3
2026-02-24,WB009,Success,41,2175222,11
2026-02-24,WB010,Success,313,2333151,24
2026-02-24,WB011,Success,40,236068,32
2026-02-24,WB012,Success,165,2008725,9
2026-02-24,WB013,Success,312,444704,17
2026-02-24,WB014,Success,213,1355740,18
2026-02-24,WB015,Failed,342,1753694,34
2026-02-24,WB016,Success,23,1313231,25
2026-02-24,WB017,Failed,237,691982,41
2026-02-24,WB018,Failed,346,2473759,22
2026-02-24,WB019,Success,180,454101,23
2026-02-24,WB020,Success,124,2381212,38
2026-02-24,WB021,Success,406,599075,31
2026-02-24,WB022,Success,47,1388299,30
2026-02-24,WB023,Success,103,898996,20
2026-02-24,WB024,Failed,206,303722,42
2026-02-24,WB025,Success,53,2567298,37
2026-02-24,WB026,Success,290,1009044,41
2026-02-24,WB027,Failed,173,1276720,40
2026-02-24,WB028,Success,303,1660242,25
2026-02-25,WB001,Success,399,2711944,35
2026-02-25,WB002,Success,202,448949,4
2026-02-25,WB003,Success,88,1961939,42
2026-02-25,WB004,Success,68,2333377,9
2026-02-25,WB005,Failed,356,2216973,7
2026-02-25,WB006,Success,396,788937,18
2026-02-25,WB007,Success,115,100329,5
2026-02-25,WB008,Success,104,1658538,36
2026-02-25,WB009,Success,271,1919698,11
2026-02-25,WB010,Success,290,2457581,39
2026-02-25,WB011,Failed,410,963265,3
2026-02-25,WB012,Success,82,2598632,42
2026-02-25,WB013,Success,37,2485477,10
2026-02-25,WB014,Success,241,2610792,31
2026-02-25,WB015,Success,337,1352506,32
2026-02-25,WB016,Success,68,738747,11
2026-02-25,WB017,Success,31,1787395,31
2026-02-25,WB018,Success,57,896508,7
2026-02-25,WB019,Success,207,954887,2
2026-02-25,WB020,Success,252,1230842,10
2026-02-25,WB021,Success,26,670955,30
2026-02-25,WB022,Success,339,2424383,12
2026-02-25,WB023,Success,194,2517002,17
2026-02-25,WB024,Success,265,2198435,15
2026-02-25,WB025,Success,125,333764,12
2026-02-25,WB026,Success,183,1170468,3
2026-02-25,WB027,Success,58,839892,41
2026-02-25,WB028,Success,111,501287,27
2026-02-26,WB001,Success,79,2500222,19
2026-02-26,WB002,Success,129,2511906,36
2026-02-26,WB003,Success,77,2518736,10
2026-02-26,WB004,Success,292,295094,25
2026-02-26,WB005,Failed,223,1211207,2
2026-02-26,WB006,Success,272,1041617,19
2026-02-26,WB007,Failed,369,962535,31
2026-02-26,WB008,Success,327,2026168,39
2026-02-26,WB009,Success,386,2563766,18
2026-02-26,WB010,Success,390,307981,30
2026-02-26,WB011,Success,210,1723802,6
2026-02-26,WB012,Success,82,2606133,18
2026-02-26,WB013,Success,27,2525799,17
2026-02-26,WB014,Success,64,1809534,22
2026-02-26,WB015,Success,173,313247,32
2026-02-26,WB016,Success,296,1176606,31
2026-02-26,WB017,Success,363,1085747,38
2026-02-26,WB018,Success,20,2374648,23
2026-02-26,WB019,Success,243,1939466,28
2026-02-26,WB020,Success,299,2078887,10
2026-02-26,WB021,Success,76,2427284,39
2026-02-26,WB022,Success,233,2721222,42
2026-02-26,WB023,Failed,343,2118628,12
2026-02-26,WB024,Success,144,1053647,30
2026-02-26,WB025,Success,262,1128996,14
2026-02-26,WB026,Success,61,2041369,23
2026-02-26,WB027,Success,59,824164,8
2026-02-26,WB028,Failed,335,2185611,15
2026-02-27,WB001,Success,135,1904079,20
2026-02-27,WB002,Success,377,971103,42
2026-02-27,WB003,Success,374,2661451,6
2026-02-27,WB004,Success,336,1308255,17
2026-02-27,WB005,Success,368,210017,13
2026-02-27,WB006,Success,78,1765028,13
2026-02-27,WB007,Success,176,272504,28
2026-02-27,WB008,Success,315,153483,3
2026-02-27,WB009,Success,404,1988275,40
2026-02-27,WB010,Success,230,86023,6
2026-02-27,WB011,Success,400,2460660,41
2026-02-27,WB012,Success,57,936320,13
2026-02-27,WB013,Success,191,1478984,28
2026-02-27,WB014,Success,171,1949931,37
2026-02-27,WB015,Success,138,825268,34
2026-02-27,WB016,Failed,297,939600,26
2026-02-27,WB017,Success,308,960631,25
2026-02-27,WB018,Success,55,1540247,18
2026-02-27,WB019,Success,381,681373,5
2026-02-27,WB020,Success,33,1073651,38
2026-02-27,WB021,Success,78,2539744,21
2026-02-27,WB022,Success,169,947806,35
2026-02-27,WB023,Success,124,1669408,42
2026-02-27,WB024,Success,268,460984,10
2026-02-27,WB025,Success,109,2735582,32
2026-02-27,WB026,Success,252,1960467,16
2026-02-27,WB027,Success,109,724877,22
2026-02-27,WB028,Failed,117,2200980,27
2026-02-28,WB001,Success,407,1039818,2
2026-02-28,WB002,Success,31,647803,5
2026-02-28,WB003,Success,142,638048,17
2026-02-28,WB004,Success,147,2364577,1
2026-02-28,WB005,Success,101,91231,4
2026-02-28,WB006,Success,143,1510791,38
2026-02-28,WB007,Success,414,1843633,38
2026-02-28,WB008,Success,93,1348960,36
2026-02-28,WB009,Success,381,260394,29
2026-02-28,WB010,Success,255,886494,7
2026-02-28,WB011,Success,31,2595484,32
2026-02-28,WB012,Success,186,1257245,5
2026-02-28,WB013,Success,205,2619356,15
2026-02-28,WB014,Success,391,1097753,21
2026-02-28,WB015,Success,347,1936274,30
2026-02-28,WB016,Success,76,483168,38
2026-02-28,WB017,Success,39,731336,7
2026-02-28,WB018,Success,259,2242872,34
2026-02-28,WB019,Success,266,2667186,27
2026-02-28,WB020,Success,164,2270774,22
2026-02-28,WB021,Success,376,390406,23
2026-02-28,WB022,Success,179,2370306,39
2026-02-28,WB023,Success,395,342603,3
2026-02-28,WB024,Success,115,914101,4
2026-02-28,WB025,Success,255,231179,11
2026-02-28,WB026,Success,401,448352,20
2026-02-28,WB027,Success,347,214792,10
2026-02-28,WB028,Success,194,1496871,14
2026-03-01,WB001,Success,197,288500,38
2026-03-01,WB002,Success,31,2129829,24
2026-03-01,WB003,Success,77,638596,31
2026-03-01,WB004,Success,187,502177,25
2026-03-01,WB005,Success,326,2172129,3
2026-03-01,WB006,Success,366,361772,36
2026-03-01,WB007,Success,408,1631115,20
2026-03-01,WB008,Success,322,2757168,19
2026-03-01,WB009,Success,87,856431,35
2026-03-01,WB010,Success,201,715117,7
2026-03-01,WB011,Success,345,2251401,13
2026-03-01,WB012,Success,201,2042739,26
2026-03-01,WB013,Failed,386,1625064,35
2026-03-01,WB014,Success,372,1994391,11
2026-03-01,WB015,Success,413,775139,41
2026-03-01,WB016,Success,121,833217,33
2026-03-01,WB017,Success,94,680664,39
2026-03-01,WB018,Success,268,2002393,37
2026-03-01,WB019,Success,376,459338,39
2026-03-01,WB020,Success,400,2086049,15
2026-03-01,WB021,Success,197,2089535,3
2026-03-01,WB022,Success,367,509889,15
2026-03-01,WB023,Success,159,1332018,4
2026-03-01,WB024,Success,299,1031491,11
2026-03-01,WB025,Success,298,1186334,2
2026-03-01,WB026,Success,349,2225297,19
2026-03-01,WB027,Failed,383,366898,25
2026-03-01,WB028,Success,153,2117292,35
2026-03-02,WB001,Success,356,1518763,16
2026-03-02,WB002,Success,30,199371,12
2026-03-02,WB003,Success,75,43081,34
2026-03-02,WB004,Success,293,2413386,27
2026-03-02,WB005,Success,406,1047250,6
2026-03-02,WB006,Success,288,1154893,41
2026-03-02,WB007,Success,411,134745,39
2026-03-02,WB008,Success,368,171576,8
2026-03-02,WB009,Success,286,704642,28
2026-03-02,WB010,Success,377,506360,27
2026-03-02,WB011,Success,19,680827,38
2026-03-02,WB012,Success,272,590221,31
2026-03-02,WB013,Success,161,1775890,20
2026-03-02,WB014,Success,62,2099668,2
2026-03-02,WB015,Success,331,2159714,11
2026-03-02,WB016,Success,275,2013928,13
2026-03-02,WB017,Success,247,482738,41
2026-03-02,WB018,Success,144,1616804,21
2026-03-02,WB019,Success,81,73927,33
2026-03-02,WB020,Success,337,1698234,12
2026-03-02,WB021,Success,137,2133408,19
2026-03-02,WB022,Success,180,725529,27
2026-03-02,WB023,Success,252,1894812,25
2026-03-02,WB024,Failed,242,1574299,10
2026-03-02,WB025,Success,127,1732290,27
2026-03-02,WB026,Success,210,1664070,14
2026-03-02,WB027,Success,183,2082225,26
2026-03-02,WB028,Success,117,38588,38
2026-03-03,WB001,Failed,138,924627,31
2026-03-03,WB002,Success,81,1825805,13
2026-03-03,WB003,Success,109,1824219,30
2026-03-03,WB004,Success,165,512562,35
2026-03-03,WB005,Success,245,2581206,5
2026-03-03,WB006,Success,377,2318950,6
2026-03-03,WB007,Failed,76,826734,10
2026-03-03,WB008,Success,380,437365,13
2026-03-03,WB009,Success,400,2588041,6
2026-03-03,WB010,Success,135,2551247,39
2026-03-03,WB011,Success,72,283285,3
2026-03-03,WB012,Success,275,2628511,41
2026-03-03,WB013,Success,153,1201067,2
2026-03-03,WB014,Success,181,404655,12
2026-03-03,WB015,Success,146,254644,8
2026-03-03,WB016,Success,214,1475571,1
2026-03-03,WB017,Success,387,425819,28
2026-03-03,WB018,Success,44,795030,39
2026-03-03,WB019,Success,139,2638533,31
2026-03-03,WB020,Success,329,2681862,22
2026-03-03,WB021,Success,232,1397128,15
2026-03-03,WB022,Success,90,1871819,29
2026-03-03,WB023,Failed,206,164311,29
2026-03-03,WB024,Success,247,1079133,25
2026-03-03,WB025,Success,399,1758800,26
2026-03-03,WB026,Success,41,782747,7
2026-03-03,WB027,Failed,141,1722658,28
2026-03-03,WB028,Success,419,367253,7
2026-03-04,WB001,Success,96,1428313,6
2026-03-04,WB002,Success,305,2233500,26
2026-03-04,WB003,Success,304,1795267,31
2026-03-04,WB004,Success,236,2108900,24
2026-03-04,WB005,Success,365,2771495,17
2026-03-04,WB006,Success,92,1892416,36
2026-03-04,WB007,Success,141,194527,15
2026-03-04,WB008,Success,166,314244,27
2026-03-04,WB009,Success,191,2392219,27
2026-03-04,WB010,Success,353,540174,36
2026-03-04,WB011,Success,317,2238214,41
2026-03-04,WB012,Success,268,1180642,15
2026-03-04,WB013,Success,244,2487086,27
2026-03-04,WB014,Success,291,1449476,34
2026-03-04,WB015,Success,30,2154177,4
2026-03-04,WB016,Success,325,907318,28
2026-03-04,WB017,Success,192,2635115,18
2026-03-04,WB018,Success,296,2174741,28
2026-03-04,WB019,Success,353,25027,32
2026-03-04,WB020,Success,363,2640054,15
2026-03-04,WB021,Success,29,2767429,9
2026-03-04,WB022,Success,63,316788,9
2026-03-04,WB023,Success,336,1962820,33
2026-03-04,WB024,Success,380,2670877,34
2026-03-04,WB025,Success,205,546943,7
2026-03-04,WB026,Success,326,2082524,29
2026-03-04,WB027,Success,353,718751,7
2026-03-04,WB028,Success,68,1792748,38
2026-03-05,WB001,Success,144,2723051,7
2026-03-05,WB002,Success,169,99633,30
2026-03-05,WB003,Success,211,1012837,6
2026-03-05,WB004,Success,145,2679248,30
2026-03-05,WB005,Success,372,151314,30
2026-03-05,WB006,Success,368,1541264,3
2026-03-05,WB007,Success,86,143606,38
2026-03-05,WB008,Success,69,1674263,15
2026-03-05,WB009,Success,241,1508149,31
2026-03-05,WB010,Success,298,350717,19
2026-03-05,WB011,Success,244,2137783,22
2026-03-05,WB012,Success,170,146677,36
2026-03-05,WB013,Success,58,2720514,11
2026-03-05,WB014,Success,74,2571129,15
2026-03-05,WB015,Success,360,1154980,22
2026-03-05,WB016,Success,176,1870055,39
2026-03-05,WB017,Success,407,1115595,16
2026-03-05,WB018,Success,269,1365166,39
2026-03-05,WB019,Success,51,1227383,41
2026-03-05,WB020,Success,133,2017334,32
2026-03-05,WB021,Success,269,1185498,3
2026-03-05,WB022,Success,33,2344705,27
2026-03-05,WB023,Success,203,2459436,7
2026-03-05,WB024,Success,133,1310506,36
2026-03-05,WB025,Success,357,786931,33
2026-03-05,WB026,Success,33,1385528,9
2026-03-05,WB027,Success,285,1202535,14
2026-03-05,WB028,Failed,41,605310,36
2026-03-06,WB001,Success,32,2495895,26
2026-03-06,WB002,Success,163,1572002,16
2026-03-06,WB003,Success,83,1409708,27
2026-03-06,WB004,Success,418,1065917,13
2026-03-06,WB005,Success,239,2602371,33
2026-03-06,WB006,Success,76,2191773,30
2026-03-06,WB007,Success,224,835309,41
2026-03-06,WB008,Success,239,1544618,22
2026-03-06,WB009,Success,417,2465005,28
2026-03-06,WB010,Success,111,1705450,21
2026-03-06,WB011,Success,298,2389702,26
2026-03-06,WB012,Success,233,1551513,16
2026-03-06,WB013,Success,234,300801,20
2026-03-06,WB014,Success,212,716293,18
2026-03-06,WB015,Success,181,338947,8
2026-03-06,WB016,Success,196,1429194,5
2026-03-06,WB017,Success,112,2539801,6
2026-03-06,WB018,Success,57,2144902,19
2026-03-06,WB019,Success,171,44494,15
2026-03-06,WB020,Success,319,2527439,7
2026-03-06,WB021,Success,151,1639779,5
2026-03-06,WB022,Success,386,223902,28
2026-03-06,WB023,Success,300,1367862,32
2026-03-06,WB024,Success,115,1787894,38
2026-03-06,WB025,Success,248,1415926,6
2026-03-06,WB026,Success,314,237634,2
2026-03-06,WB027,Success,64,1640334,33
2026-03-06,WB028,Success,143,303763,27
2026-03-07,WB001,Success,232,445535,6
2026-03-07,WB002,Success,272,1926836,11
2026-03-07,WB003,Success,153,1427640,14
2026-03-07,WB004,Success,133,699496,9
2026-03-07,WB005,Success,381,627695,41
2026-03-07,WB006,Success,121,2458341,24
2026-03-07,WB007,Success,167,1909644,27
2026-03-07,WB008,Failed,308,1715475,36
2026-03-07,WB009,Success,350,1767971,12
2026-03-07,WB010,Success,81,2189753,22
2026-03-07,WB011,Failed,349,2260037,8
2026-03-07,WB012,Success,315,1177702,7
2026-03-07,WB013,Success,97,1753097,9
2026-03-07,WB014,Success,54,2049142,34
2026-03-07,WB015,Success,100,2616017,14
2026-03-07,WB016,Success,143,1762486,30
2026-03-07,WB017,Success,410,2315661,15
2026-03-07,WB018,Success,152,914731,7
2026-03-07,WB019,Success,121,1457982,13
2026-03-07,WB020,Success,256,2786133,40
2026-03-07,WB021,Success,219,823791,22
2026-03-07,WB022,Success,420,1379578,41
2026-03-07,WB023,Failed,118,1374217,38
2026-03-07,WB024,Success,111,379630,4
2026-03-07,WB025,Success,344,1635849,21
2026-03-07,WB026,Success,156,1541272,15
2026-03-07,WB027,Success,140,850577,16
2026-03-07,WB028,Success,288,1638334,30
2026-03-08,WB001,Success,398,2300109,38
2026-03-08,WB002,Success,49,766611,30
2026-03-08,WB003,Success,303,35181,8
2026-03-08,WB004,Success,208,2436661,34
2026-03-08,WB005,Success,122,2114453,41
2026-03-08,WB006,Success,294,2661299,31
2026-03-08,WB007,Success,105,913094,34
2026-03-08,WB008,Success,268,1577772,20
2026-03-08,WB009,Success,314,2301054,19
2026-03-08,WB010,Success,315,1269626,6
2026-03-08,WB011,Success,168,1891019,27
2026-03-08,WB012,Success,357,968258,29
2026-03-08,WB013,Success,141,591063,13
2026-03-08,WB014,Success,97,814158,19
2026-03-08,WB015,Failed,348,766979,30
2026-03-08,WB016,Failed,388,202833,11
2026-03-08,WB017,Success,80,2579300,22
2026-03-08,WB018,Success,312,1895427,35
2026-03-08,WB019,Success,264,495011,22
2026-03-08,WB020,Failed,416,2329018,20
2026-03-08,WB021,Success,30,2333939,5
2026-03-08,WB022,Success,33,1666615,40
2026-03-08,WB023,Success,228,974847,36
2026-03-08,WB024,Success,369,46829,3
2026-03-08,WB025,Success,245,2136196,28
2026-03-08,WB026,Success,72,2393243,33
2026-03-08,WB027,Success,165,2021609,29
2026-03-08,WB028,Success,170,1038464,35
2026-03-09,WB001,Success,251,1475015,14
2026-03-09,WB002,Success,297,447860,15
2026-03-09,WB003,Success,140,745488,34
2026-03-09,WB004,Success,265,192991,32
2026-03-09,WB005,Success,181,16760,25
2026-03-09,WB006,Success,157,459725,22
2026-03-09,WB007,Success,81,111438,33
2026-03-09,WB008,Success,141,2141037,19
2026-03-09,WB009,Success,92,574896,3
2026-03-09,WB010,Success,414,1514502,42
2026-03-09,WB011,Success,309,728861,30
2026-03-09,WB012,Failed,60,1864472,12
2026-03-09,WB013,Success,96,899682,12
2026-03-09,WB014,Success,57,123943,39
2026-03-09,WB015,Success,52,1026294,5
2026-03-09,WB016,Success,380,1641102,38
2026-03-09,WB017,Success,79,2237857,25
2026-03-09,WB018,Success,41,1580575,35
2026-03-09,WB019,Success,390,221098,23
2026-03-09,WB020,Success,72,39349,17
2026-03-09,WB021,Success,231,1122326,37
2026-03-09,WB022,Success,199,567390,17
2026-03-09,WB023,Success,352,1289145,28
2026-03-09,WB024,Success,63,477946,32
2026-03-09,WB025,Success,367,726848,19
2026-03-09,WB026,Success,171,897533,11
2026-03-09,WB027,Success,268,2754504,36
2026-03-09,WB028,Success,147,220618,40
2026-03-10,WB001,Success,52,2655726,31
2026-03-10,WB002,Success,335,1713984,32
2026-03-10,WB003,Success,279,1659131,8
2026-03-10,WB004,Success,310,1730777,23
2026-03-10,WB005,Success,338,1528490,13
2026-03-10,WB006,Success,323,459252,42
2026-03-10,WB007,Success,63,2122555,2
2026-03-10,WB008,Success,62,1666200,27
2026-03-10,WB009,Success,265,1924588,18
2026-03-10,WB010,Success,353,1435060,14
2026-03-10,WB011,Success,168,1541565,4
2026-03-10,WB012,Success,160,2233725,29
2026-03-10,WB013,Success,209,1788074,4
2026-03-10,WB014,Success,147,2002031,16
2026-03-10,WB015,Success,126,1944899,2
2026-03-10,WB016,Success,330,183934,8
2026-03-10,WB017,Success,398,987291,29
2026-03-10,WB018,Success,268,1139378,34
2026-03-10,WB019,Success,187,1782930,21
2026-03-10,WB020,Success,190,960843,26
2026-03-10,WB021,Success,231,1489565,38
2026-03-10,WB022,Success,229,2414589,5
2026-03-10,WB023,Failed,237,1692354,27
2026-03-10,WB024,Success,187,2106585,9
2026-03-10,WB025,Success,415,1945885,21
2026-03-10,WB026,Failed,231,183119,17
2026-03-10,WB027,Success,330,1875881,10
2026-03-10,WB028,Success,106,1821104,29
2026-03-11,WB001,Success,281,660598,4
2026-03-11,WB002,Success,80,2123070,14
2026-03-11,WB003,Success,407,2276914,11
2026-03-11,WB004,Success,409,1931837,12
2026-03-11,WB005,Success,312,1356092,2
2026-03-11,WB006,Success,121,1459885,32
2026-03-11,WB007,Success,23,2754246,35
2026-03-11,WB008,Success,348,2478404,12
2026-03-11,WB009,Success,269,2167483,7
2026-03-11,WB010,Success,150,2296035,28
2026-03-11,WB011,Success,77,461741,1
2026-03-11,WB012,Success,97,1887297,41
2026-03-11,WB013,Success,114,1407306,27
2026-03-11,WB014,Success,351,220702,40
2026-03-11,WB015,Success,128,1203024,23
2026-03-11,WB016,Success,79,2736562,25
2026-03-11,WB017,Success,137,535198,33
2026-03-11,WB018,Success,212,2049472,10
2026-03-11,WB019,Failed,126,41170,32
2026-03-11,WB020,Success,288,750493,34
2026-03-11,WB021,Success,280,1537592,37
2026-03-11,WB022,Failed,260,844017,25
2026-03-11,WB023,Success,134,1038387,13
2026-03-11,WB024,Success,408,1744316,37
2026-03-11,WB025,Success,260,1512396,40
2026-03-11,WB026,Success,175,1241787,23
2026-03-11,WB027,Success,57,660709,1
2026-03-11,WB028,Success,346,2233877,10
2026-03-12,WB001,Success,96,1228688,25
2026-03-12,WB002,Success,123,65697,27
2026-03-12,WB003,Success,163,1927678,30
2026-03-12,WB004,Success,358,790329,15
2026-03-12,WB005,Success,239,2506400,33
2026-03-12,WB006,Success,78,473811,23
2026-03-12,WB007,Success,409,612037,2
2026-03-12,WB008,Success,369,1009820,27
2026-03-12,WB009,Success,84,6005,30
2026-03-12,WB010,Success,348,954034,25
2026-03-12,WB011,Success,166,2184412,7
2026-03-12,WB012,Success,96,508183,6
2026-03-12,WB013,Success,110,968206,25
2026-03-12,WB014,Failed,93,1088795,30
2026-03-12,WB015,Failed,347,2423005,31
2026-03-12,WB016,Success,385,2275618,16
2026-03-12,WB017,Success,396,233623,18
2026-03-12,WB018,Success,267,1729739,13
2026-03-12,WB019,Success,328,1563276,28
2026-03-12,WB020,Success,116,876384,12
2026-03-12,WB021,Success,343,2777480,38
2026-03-12,WB022,Success,121,2377411,38
2026-03-12,WB023,Success,72,1677635,35
2026-03-12,WB024,Success,353,2188485,33
2026-03-12,WB025,Success,411,1524295,6
2026-03-12,WB026,Failed,149,1355946,8
2026-03-12,WB027,Success,263,1260128,41
2026-03-12,WB028,Success,42,1218359,35
2026-03-13,WB001,Success,232,2677563,20
2026-03-13,WB002,Success,196,1577755,22
2026-03-13,WB003,Success,418,991123,26
2026-03-13,WB004,Success,164,1840561,6
2026-03-13,WB005,Failed,344,739447,17
2026-03-13,WB006,Success,394,2333212,2
2026-03-13,WB007,Success,218,1116999,25
2026-03-13,WB008,Success,233,202457,35
2026-03-13,WB009,Success,308,1045465,11
2026-03-13,WB010,Success,79,2260344,12
2026-03-13,WB011,Success,39,1624835,7
2026-03-13,WB012,Success,41,1668905,26
2026-03-13,WB013,Success,38,374176,2
2026-03-13,WB014,Success,329,2314515,5
2026-03-13,WB015,Success,271,2417092,26
2026-03-13,WB016,Success,174,1431948,9
2026-03-13,WB017,Success,330,1096869,15
2026-03-13,WB018,Success,69,353117,20
2026-03-13,WB019,Success,237,691309,9
2026-03-13,WB020,Success,138,1455499,18
2026-03-13,WB021,Success,173,172250,3
2026-03-13,WB022,Success,218,2490254,8
2026-03-13,WB023,Failed,331,2294781,38
2026-03-13,WB024,Success,84,2265026,35
2026-03-13,WB025,Success,90,501130,7
2026-03-13,WB026,Success,193,911434,33
2026-03-13,WB027,Success,131,2334255,11
2026-03-13,WB028,Success,138,327246,29
2026-03-14,WB001,Success,254,2716112,26
2026-03-14,WB002,Success,51,1998251,16
2026-03-14,WB003,Success,136,2120612,3
2026-03-14,WB004,Success,116,2199806,25
2026-03-14,WB005,Success,213,2561276,8
2026-03-14,WB006,Success,207,1348078,16
2026-03-14,WB007,Success,280,958557,18
2026-03-14,WB008,Success,57,2345973,20
2026-03-14,WB009,Success,219,2246872,6
2026-03-14,WB010,Success,355,718750,16
2026-03-14,WB011,Success,60,1911304,14
2026-03-14,WB012,Success,349,79323,12
2026-03-14,WB013,Success,151,2239003,9
2026-03-14,WB014,Success,401,2613254,36
2026-03-14,WB015,Success,268,795268,25
2026-03-14,WB016,Success,244,2533426,34
2026-03-14,WB017,Success,38,1434316,10
2026-03-14,WB018,Success,181,2069415,9
2026-03-14,WB019,Success,305,329746,28
2026-03-14,WB020,Success,397,2476536,27
2026-03-14,WB021,Success,190,129684,8
2026-03-14,WB022,Success,395,809587,13
2026-03-14,WB023,Success,315,1926613,16
2026-03-14,WB024,Success,175,846276,30
2026-03-14,WB025,Success,114,196900,30
2026-03-14,WB026,Failed,319,1825335,19
2026-03-14,WB027,Success,103,275001,32
2026-03-14,WB028,Success,201,1334326,17
2026-03-15,WB001,Success,247,2462360,11
2026-03-15,WB002,Failed,342,1167126,8
2026-03-15,WB003,Success,68,285991,41
2026-03-15,WB004,Success,61,2176112,5
2026-03-15,WB005,Success,77,1291753,24
2026-03-15,WB006,Success,82,2094018,3
2026-03-15,WB007,Success,121,497302,41
2026-03-15,WB008,Success,40,1915494,10
2026-03-15,WB009,Success,270,1534746,33
2026-03-15,WB010,Success,123,1273342,21
2026-03-15,WB011,Success,212,1632972,18
2026-03-15,WB012,Success,42,2374449,36
2026-03-15,WB013,Success,392,1929674,2
2026-03-15,WB014,Success,123,135395,22
2026-03-15,WB015,Success,55,1188054,17
2026-03-15,WB016,Failed,119,442764,31
2026-03-15,WB017,Success,237,868227,16
2026-03-15,WB018,Success,155,2253126,28
2026-03-15,WB019,Success,55,1988297,16
2026-03-15,WB020,Success,192,2227721,36
2026-03-15,WB021,Success,352,2160136,22
2026-03-15,WB022,Failed,20,2336820,29
2026-03-15,WB023,Success,233,1184836,34
2026-03-15,WB024,Success,177,868783,21
2026-03-15,WB025,Failed,159,1232861,32
2026-03-15,WB026,Success,182,383792,23
2026-03-15,WB027,Success,344,1608879,9
2026-03-15,WB028,Success,112,1867284,37
2026-03-16,WB001,Success,83,2076282,28
2026-03-16,WB002,Success,285,1853067,40
2026-03-16,WB003,Success,413,766396,29
2026-03-16,WB004,Success,281,901117,2
2026-03-16,WB005,Failed,77,647380,39
2026-03-16,WB006,Success,81,1070075,20
2026-03-16,WB007,Success,49,2192804,42
2026-03-16,WB008,Success,137,769419,28
2026-03-16,WB009,Success,145,1814929,11
2026-03-16,WB010,Success,360,966333,4
2026-03-16,WB011,Success,183,1652657,10
2026-03-16,WB012,Success,31,387258,35
2026-03-16,WB013,Success,66,2764183,3
2026-03-16,WB014,Success,262,2074134,9
2026-03-16,WB015,Success,381,1289330,24
2026-03-16,WB016,Success,134,550324,39
2026-03-16,WB017,Success,325,1556564,14
2026-03-16,WB018,Success,217,2701235,15
2026-03-16,WB019,Success,169,1414710,13
2026-03-16,WB020,Failed,162,1314616,14
2026-03-16,WB021,Success,229,99346,21
2026-03-16,WB022,Success,60,1900547,1
2026-03-16,WB023,Success,372,683884,17
2026-03-16,WB024,Success,301,2171124,14
2026-03-16,WB025,Success,40,1525346,6
2026-03-16,WB026,Success,363,2439816,19
2026-03-16,WB027,Success,19,1859822,22
2026-03-16,WB028,Success,133,2220524,38
2026-03-17,WB001,Success,301,1982612,36
2026-03-17,WB002,Success,149,2591316,23
2026-03-17,WB003,Success,90,808068,29
2026-03-17,WB004,Success,364,347861,21
2026-03-17,WB005,Success,348,1989108,5
2026-03-17,WB006,Success,233,1896536,24
2026-03-17,WB007,Success,21,646428,8
2026-03-17,WB008,Success,139,987238,37
2026-03-17,WB009,Failed,47,1017401,39
2026-03-17,WB010,Success,130,1340865,41
2026-03-17,WB011,Success,240,739655,13
2026-03-17,WB012,Success,383,321502,40
2026-03-17,WB013,Success,324,464351,36
2026-03-17,WB014,Success,195,733281,13
2026-03-17,WB015,Success,289,2464138,11
2026-03-17,WB016,Success,307,431935,23
2026-03-17,WB017,Success,69,1030800,28
2026-03-17,WB018,Success,136,1676038,36
2026-03-17,WB019,Success,148,997590,37
2026-03-17,WB020,Failed,350,1087936,11
2026-03-17,WB021,Failed,285,101253,10
2026-03-17,WB022,Success,349,2149356,29
2026-03-17,WB023,Success,367,2263733,21
2026-03-17,WB024,Success,292,2716714,8
2026-03-17,WB025,Success,193,303571,13
2026-03-17,WB026,Success,31,2276103,12
2026-03-17,WB027,Success,178,746989,30
2026-03-17,WB028,Success,185,987972,35
2026-03-18,WB001,Success,174,1298658,13
2026-03-18,WB002,Success,121,1701488,14
2026-03-18,WB003,Success,32,2027164,11
2026-03-18,WB004,Success,80,963595,39
2026-03-18,WB005,Success,281,2750147,9
2026-03-18,WB006,Success,212,2562748,29
2026-03-18,WB007,Success,122,594140,33
2026-03-18,WB008,Success,144,502341,7
2026-03-18,WB009,Success,370,1704088,12
2026-03-18,WB010,Failed,278,1278829,6
2026-03-18,WB011,Success,98,2382557,29
2026-03-18,WB012,Success,394,1614523,42
2026-03-18,WB013,Success,224,1148634,40
2026-03-18,WB014,Success,404,2700083,4
2026-03-18,WB015,Success,406,2586505,35
2026-03-18,WB016,Success,412,2251698,24
2026-03-18,WB017,Success,77,1803731,26
2026-03-18,WB018,Success,106,717949,22
2026-03-18,WB019,Success,402,2604207,24
2026-03-18,WB020,Success,280,2071360,19
2026-03-18,WB021,Failed,345,2295806,17
2026-03-18,WB022,Failed,64,799642,34
2026-03-18,WB023,Success,83,1827714,13
2026-03-18,WB024,Success,302,2611619,18
2026-03-18,WB025,Success,136,2127452,41
2026-03-18,WB026,Failed,234,597842,18
2026-03-18,WB027,Success,213,612583,19
2026-03-18,WB028,Success,323,1875894,15
2026-03-19,WB001,Success,196,1852114,21
2026-03-19,WB002,Success,385,1305379,33
2026-03-19,WB003,Success,42,452573,10
2026-03-19,WB004,Success,262,97600,41
2026-03-19,WB005,Success,216,453783,10
2026-03-19,WB006,Success,215,2239924,7
2026-03-19,WB007,Success,238,1359325,22
2026-03-19,WB008,Success,234,2709833,30
2026-03-19,WB009,Success,166,1111678,20
2026-03-19,WB010,Success,284,1018671,13
2026-03-19,WB011,Success,202,2037057,21
2026-03-19,WB012,Success,272,955061,21
2026-03-19,WB013,Success,419,194933,17
2026-03-19,WB014,Success,134,2118031,20
2026-03-19,WB015,Failed,207,57244,29
2026-03-19,WB016,Success,56,9808,22
2026-03-19,WB017,Success,270,1412290,32
2026-03-19,WB018,Success,416,278315,5
2026-03-19,WB019,Success,312,418314,26
2026-03-19,WB020,Success,240,2389343,6
2026-03-19,WB021,Success,73,2011779,32
2026-03-19,WB022,Success,210,243423,28
2026-03-19,WB023,Success,87,1745325,27
2026-03-19,WB024,Success,167,2532370,27
2026-03-19,WB025,Success,156,1340413,39
2026-03-19,WB026,Success,361,165531,18
2026-03-19,WB027,Success,351,2054663,34
2026-03-19,WB028,Success,408,950710,3
2026-03-20,WB001,Success,146,1018871,33
2026-03-20,WB002,Success,392,164780,16
2026-03-20,WB003,Success,75,1723723,27
2026-03-20,WB004,Success,72,1608993,41
2026-03-20,WB005,Success,303,2321186,34
2026-03-20,WB006,Success,234,2503962,39
2026-03-20,WB007,Success,131,870597,41
2026-03-20,WB008,Success,146,919345,15
2026-03-20,WB009,Success,32,759432,7
2026-03-20,WB010,Success,358,583207,33
2026-03-20,WB011,Failed,198,2323765,32
2026-03-20,WB012,Success,410,1891074,15
2026-03-20,WB013,Success,20,233414,19
2026-03-20,WB014,Success,283,1474672,31
2026-03-20,WB015,Success,97,616779,34
2026-03-20,WB016,Failed,361,330357,4
2026-03-20,WB017,Success,357,2025355,30
2026-03-20,WB018,Success,320,942227,21
2026-03-20,WB019,Success,315,1727951,30
2026-03-20,WB020,Success,146,1784929,22
2026-03-20,WB021,Success,253,2179579,2
2026-03-20,WB022,Success,81,386146,19
2026-03-20,WB023,Success,123,895043,25
2026-03-20,WB024,Failed,284,2153773,10
2026-03-20,WB025,Success,176,62206,23
2026-03-20,WB026,Success,220,1427788,22
2026-03-20,WB027,Success,114,2354952,39
2026-03-20,WB028,Success,185,1836800,10
2026-03-21,WB001,Success,372,1330832,1
2026-03-21,WB002,Failed,140,494291,2
2026-03-21,WB003,Success,316,2748398,16
2026-03-21,WB004,Success,283,319544,32
2026-03-21,WB005,Failed,181,1339223,38
2026-03-21,WB006,Success,133,173257,17
2026-03-21,WB007,Success,320,2474612,24
2026-03-21,WB008,Success,156,1937846,7
2026-03-21,WB009,Success,179,2081997,42
2026-03-21,WB010,Success,298,1002438,2
2026-03-21,WB011,Success,209,276022,38
2026-03-21,WB012,Success,254,2077543,24
2026-03-21,WB013,Success,289,1189315,13
2026-03-21,WB014,Failed,264,1644425,5
2026-03-21,WB015,Success,282,1797945,20
2026-03-21,WB016,Failed,21,1324152,38
2026-03-21,WB017,Success,313,486568,35
2026-03-21,WB018,Success,123,1856337,15
2026-03-21,WB019,Success,374,198267,28
2026-03-21,WB020,Success,25,47564,23
2026-03-21,WB021,Success,51,579064,18
2026-03-21,WB022,Success,147,2664505,42
2026-03-21,WB023,Success,386,1477138,8
2026-03-21,WB024,Success,77,1371723,6
2026-03-21,WB025,Success,238,1026714,23
2026-03-21,WB026,Success,119,949162,17
2026-03-21,WB027,Success,409,2291654,31
2026-03-21,WB028,Success,158,169323,20
2026-03-22,WB001,Success,253,518723,6
2026-03-22,WB002,Success,253,799130,41
2026-03-22,WB003,Success,45,1310550,39
2026-03-22,WB004,Success,147,6486,13
2026-03-22,WB005,Success,254,2638274,16
2026-03-22,WB006,Success,119,2506508,42
2026-03-22,WB007,Success,143,2183880,42
2026-03-22,WB008,Success,343,2137458,6
2026-03-22,WB009,Success,103,2062217,23
2026-03-22,WB010,Success,378,2741357,16
2026-03-22,WB011,Success,108,2537711,29
2026-03-22,WB012,Success,389,89290,40
2026-03-22,WB013,Success,290,1505758,32
2026-03-22,WB014,Success,88,316392,19
2026-03-22,WB015,Success,40,2533809,2
2026-03-22,WB016,Success,200,2196529,10
2026-03-22,WB017,Success,50,717144,38
2026-03-22,WB018,Success,50,1951664,38
2026-03-22,WB019,Success,52,2249325,6
2026-03-22,WB020,Success,88,1030905,23
2026-03-22,WB021,Success,305,2242350,15
2026-03-22,WB022,Success,120,89252,21
2026-03-22,WB023,Success,396,1851482,3
2026-03-22,WB024,Success,84,1526018,20
2026-03-22,WB025,Success,169,419771,33
2026-03-22,WB026,Success,135,1017950,36
2026-03-22,WB027,Success,386,1772265,24
2026-03-22,WB028,Failed,65,1587025,18
2026-03-23,WB001,Success,292,1119905,42
2026-03-23,WB002,Success,43,2687950,15
2026-03-23,WB003,Success,129,88108,2
2026-03-23,WB004,Success,281,650329,19
2026-03-23,WB005,Success,167,2355041,34
2026-03-23,WB006,Success,23,475536,37
2026-03-23,WB007,Success,248,1079578,5
2026-03-23,WB008,Success,272,2653265,41
2026-03-23,WB009,Failed,272,43949,31
2026-03-23,WB010,Success,215,1332768,28
2026-03-23,WB011,Success,401,1431069,27
2026-03-23,WB012,Success,203,2233787,32
2026-03-23,WB013,Success,182,2161565,38
2026-03-23,WB014,Success,37,1602168,5
2026-03-23,WB015,Success,211,1585482,21
2026-03-23,WB016,Success,186,1675160,22
2026-03-23,WB017,Success,302,963681,35
2026-03-23,WB018,Success,324,1166410,23
2026-03-23,WB019,Success,194,328920,12
2026-03-23,WB020,Success,402,2695640,39
2026-03-23,WB021,Success,385,1111629,9
2026-03-23,WB022,Success,235,828009,5
2026-03-23,WB023,Success,277,555367,9
2026-03-23,WB024,Success,23,1033169,13
2026-03-23,WB025,Success,63,281971,31
2026-03-23,WB026,Success,191,2484003,23
2026-03-23,WB027,Success,329,1056386,39
2026-03-23,WB028,Failed,151,595056,19
2026-03-24,WB001,Success,175,521188,41
2026-03-24,WB002,Success,400,915647,39
2026-03-24,WB003,Success,281,2285795,17
2026-03-24,WB004,Success,328,2452672,22
2026-03-24,WB005,Success,77,35362,6
2026-03-24,WB006,Success,169,733095,28
2026-03-24,WB007,Success,255,944365,20
2026-03-24,WB008,Success,264,2221128,32
2026-03-24,WB009,Success,186,1749871,32
2026-03-24,WB010,Success,47,2575092,4
2026-03-24,WB011,Success,287,1334499,40
2026-03-24,WB012,Success,373,1413971,16
2026-03-24,WB013,Success,89,2304068,35
2026-03-24,WB014,Success,341,488656,17
2026-03-24,WB015,Success,51,1559927,13
2026-03-24,WB016,Success,280,2027868,11
2026-03-24,WB017,Success,281,610978,12
2026-03-24,WB018,Success,31,1668774,20
2026-03-24,WB019,Success,190,2085386,19
2026-03-24,WB020,Success,164,1127291,39
2026-03-24,WB021,Success,279,826976,39
2026-03-24,WB022,Success,118,1478079,27
2026-03-24,WB023,Success,31,321314,26
2026-03-24,WB024,Failed,71,2199211,12
2026-03-24,WB025,Success,355,1346481,17
2026-03-24,WB026,Success,129,391546,22
2026-03-24,WB027,Success,120,1978532,8
2026-03-24,WB028,Success,42,1352778,14
2026-03-25,WB001,Success,55,566642,30
2026-03-25,WB002,Success,251,1376176,33
2026-03-25,WB003,Success,340,1677938,14
2026-03-25,WB004,Success,242,1469014,5
2026-03-25,WB005,Success,334,2652024,12
2026-03-25,WB006,Success,252,1680683,3
2026-03-25,WB007,Success,35,2690188,5
2026-03-25,WB008,Success,277,1195498,22
2026-03-25,WB009,Success,62,939297,27
2026-03-25,WB010,Success,413,1395184,28
2026-03-25,WB011,Success,148,340386,42
2026-03-25,WB012,Success,125,711055,2
2026-03-25,WB013,Success,174,471923,11
2026-03-25,WB014,Success,42,830882,18
2026-03-25,WB015,Success,126,1747774,39
2026-03-25,WB016,Failed,265,1900442,23
2026-03-25,WB017,Success,172,1404843,16
2026-03-25,WB018,Success,413,694760,22
2026-03-25,WB019,Success,63,845415,38
2026-03-25,WB020,Success,189,144036,10
2026-03-25,WB021,Success,266,1974166,34
2026-03-25,WB022,Success,73,2264262,14
2026-03-25,WB023,Success,415,914883,2
2026-03-25,WB024,Success,139,1262521,13
2026-03-25,WB025,Success,289,1466854,34
2026-03-25,WB026,Success,189,1971984,6
2026-03-25,WB027,Failed,122,785952,4
2026-03-25,WB028,Success,27,2126578,36
2026-03-26,WB001,Success,228,395412,31
2026-03-26,WB002,Success,252,2760361,42
2026-03-26,WB003,Success,350,601281,22
2026-03-26,WB004,Success,364,2011569,29
2026-03-26,WB005,Success,347,672574,1
2026-03-26,WB006,Success,214,281356,27
2026-03-26,WB007,Success,194,1991101,8
2026-03-26,WB008,Success,373,2772226,2
2026-03-26,WB009,Success,110,195992,38
2026-03-26,WB010,Success,212,2636144,5
2026-03-26,WB011,Success,419,2657905,8
2026-03-26,WB012,Success,130,632341,22
2026-03-26,WB013,Success,314,1407921,12
2026-03-26,WB014,Success,289,2599802,30
2026-03-26,WB015,Success,377,2141133,26
2026-03-26,WB016,Success,281,334447,35
2026-03-26,WB017,Success,399,289910,20
2026-03-26,WB018,Success,121,155994,32
2026-03-26,WB019,Success,134,1991862,22
2026-03-26,WB020,Success,165,1339513,26
2026-03-26,WB021,Success,186,512485,5
2026-03-26,WB022,Success,347,2671664,18
2026-03-26,WB023,Success,201,357493,21
2026-03-26,WB024,Success,345,796627,11
2026-03-26,WB025,Success,403,2429841,34
2026-03-26,WB026,Success,280,2711717,22
2026-03-26,WB027,Failed,45,541435,30
2026-03-26,WB028,Success,326,2102685,30
2026-03-27,WB001,Success,397,459526,7
2026-03-27,WB002,Success,50,573711,14
2026-03-27,WB003,Success,230,2792797,26
2026-03-27,WB004,Success,286,1102078,12
2026-03-27,WB005,Success,269,27132,18
2026-03-27,WB006,Success,317,1667541,17
2026-03-27,WB007,Success,128,1686074,30
2026-03-27,WB008,Success,399,236378,21
2026-03-27,WB009,Success,201,970978,15
2026-03-27,WB010,Success,398,2715131,18
2026-03-27,WB011,Success,55,270835,20
2026-03-27,WB012,Success,157,334030,35
2026-03-27,WB013,Success,173,511801,3
2026-03-27,WB014,Failed,394,310116,38
2026-03-27,WB015,Success,192,1861406,5
2026-03-27,WB016,Failed,103,785035,26
2026-03-27,WB017,Success,93,1812445,32
2026-03-27,WB018,Success,113,2272534,7
2026-03-27,WB019,Success,305,1826566,13
2026-03-27,WB020,Success,346,2510638,33
2026-03-27,WB021,Success,323,177541,29
2026-03-27,WB022,Success,403,2668513,39
2026-03-27,WB023,Success,276,1739226,8
2026-03-27,WB024,Success,290,2548020,29
2026-03-27,WB025,Success,197,2793204,31
2026-03-27,WB026,Success,57,1549955,18
2026-03-27,WB027,Success,230,1166122,42
2026-03-27,WB028,Success,364,2609978,41
2026-03-28,WB001,Success,156,951713,19
2026-03-28,WB002,Success,367,2334226,37
2026-03-28,WB003,Success,253,637501,41
2026-03-28,WB004,Success,139,874619,12
2026-03-28,WB005,Success,266,971203,30
2026-03-28,WB006,Success,419,798846,25
2026-03-28,WB007,Success,120,1821808,8
2026-03-28,WB008,Success,60,545046,8
2026-03-28,WB009,Success,344,2010352,29
2026-03-28,WB010,Success,40,2026171,25
2026-03-28,WB011,Success,224,2110373,10
2026-03-28,WB012,Success,366,1639041,36
2026-03-28,WB013,Success,84,1833064,19
2026-03-28,WB014,Failed,317,1013084,20
2026-03-28,WB015,Failed,92,382100,8
2026-03-28,WB016,Success,415,1163761,5
2026-03-28,WB017,Success,386,2573164,41
2026-03-28,WB018,Success,112,2410684,14
2026-03-28,WB019,Success,123,2768153,15
2026-03-28,WB020,Success,413,1675417,39
2026-03-28,WB021,Success,270,2524078,35
2026-03-28,WB022,Success,203,1133968,15
2026-03-28,WB023,Success,97,466645,1
2026-03-28,WB024,Success,335,273966,21
2026-03-28,WB025,Success,214,1903528,4
2026-03-28,WB026,Success,198,2101525,34
2026-03-28,WB027,Success,116,662325,18
2026-03-28,WB028,Success,52,2752798,37
2026-03-29,WB001,Success,271,233211,41
2026-03-29,WB002,Success,263,845218,37
2026-03-29,WB003,Success,316,1546264,18
2026-03-29,WB004,Success,261,1413423,40
2026-03-29,WB005,Success,193,2103493,40
2026-03-29,WB006,Success,46,454875,13
2026-03-29,WB007,Success,199,875544,14
2026-03-29,WB008,Success,196,395159,5
2026-03-29,WB009,Success,366,578096,10
2026-03-29,WB010,Success,409,572975,13
2026-03-29,WB011,Success,360,1737947,33
2026-03-29,WB012,Success,167,1874817,5
2026-03-29,WB013,Success,319,2523783,32
2026-03-29,WB014,Success,339,364337,17
2026-03-29,WB015,Success,200,1546639,24
2026-03-29,WB016,Success,79,651395,37
2026-03-29,WB017,Success,63,835044,3
2026-03-29,WB018,Success,287,1485804,8
2026-03-29,WB019,Success,69,599858,13
2026-03-29,WB020,Success,358,1090755,19
2026-03-29,WB021,Success,214,2558790,37
2026-03-29,WB022,Success,284,2670935,9
2026-03-29,WB023,Success,177,2255607,16
2026-03-29,WB024,Success,70,530323,23
2026-03-29,WB025,Success,108,1119034,9
2026-03-29,WB026,Success,72,2699689,27
2026-03-29,WB027,Success,324,1926333,31
2026-03-29,WB028,Success,264,633766,23
2026-03-30,WB001,Success,339,1646581,38
2026-03-30,WB002,Success,25,573116,11
2026-03-30,WB003,Failed,20,1228621,30
2026-03-30,WB004,Success,71,1975685,12
2026-03-30,WB005,Success,71,1588717,26
2026-03-30,WB006,Success,76,1278040,8
2026-03-30,WB007,Success,225,2567879,29
2026-03-30,WB008,Success,52,1421300,34
2026-03-30,WB009,Success,380,2063893,24
2026-03-30,WB010,Success,239,1986749,25
2026-03-30,WB011,Success,253,928025,8
2026-03-30,WB012,Success,313,686140,12
2026-03-30,WB013,Success,359,2446417,17
2026-03-30,WB014,Success,337,616684,32
2026-03-30,WB015,Success,312,816174,17
2026-03-30,WB016,Success,223,920729,28
2026-03-30,WB017,Success,57,541136,37
2026-03-30,WB018,Success,126,1595124,28
2026-03-30,WB019,Success,23,2462331,7
2026-03-30,WB020,Success,156,90273,29
2026-03-30,WB021,Success,203,1143129,37
2026-03-30,WB022,Success,223,2058875,37
2026-03-30,WB023,Success,152,1994071,32
2026-03-30,WB024,Success,403,1534349,20
2026-03-30,WB025,Success,324,2237391,2
2026-03-30,WB026,Success,225,413954,16
2026-03-30,WB027,Success,321,2791229,29
2026-03-30,WB028,Success,96,166589,24
2026-03-31,WB001,Success,73,763522,26
2026-03-31,WB002,Success,37,2100283,16
2026-03-31,WB003,Success,346,1685590,20
2026-03-31,WB004,Success,148,2214374,23
2026-03-31,WB005,Success,159,1175412,16
2026-03-31,WB006,Success,403,201372,5
2026-03-31,WB007,Success,356,315576,21
2026-03-31,WB008,Success,160,238515,41
2026-03-31,WB009,Failed,66,1640933,14
2026-03-31,WB010,Success,215,774006,26
2026-03-31,WB011,Success,121,2505928,36
2026-03-31,WB012,Success,155,1257944,7
2026-03-31,WB013,Success,179,2601623,22
2026-03-31,WB014,Success,257,662935,27
2026-03-31,WB015,Success,378,467403,3
2026-03-31,WB016,Success,303,1769400,38
2026-03-31,WB017,Failed,312,1357375,40
2026-03-31,WB018,Success,117,1650560,16
2026-03-31,WB019,Success,144,126451,41
2026-03-31,WB020,Success,242,1897117,21
2026-03-31,WB021,Failed,228,626122,12
2026-03-31,WB022,Success,320,2246620,12
2026-03-31,WB023,Success,60,1734912,22
2026-03-31,WB024,Success,412,2772514,14
2026-03-31,WB025,Success,169,333530,28
2026-03-31,WB026,Success,41,657883,38
2026-03-31,WB027,Success,105,44698,25
2026-03-31,WB028,Success,164,1118877,33
2026-04-01,WB001,Success,180,582678,26
2026-04-01,WB002,Success,49,552828,31
2026-04-01,WB003,Success,117,1252479,31
2026-04-01,WB004,Success,305,606051,5
2026-04-01,WB005,Success,231,1828753,32
2026-04-01,WB006,Success,415,56336,39
2026-04-01,WB007,Success,330,814377,7
2026-04-01,WB008,Success,407,845126,5
2026-04-01,WB009,Success,345,2258731,31
2026-04-01,WB010,Success,241,309379,9
2026-04-01,WB011,Success,287,390649,13
2026-04-01,WB012,Success,135,358125,5
2026-04-01,WB013,Success,321,761070,36
2026-04-01,WB014,Success,193,53703,24
2026-04-01,WB015,Success,173,2430373,35
2026-04-01,WB016,Success,182,2342690,24
2026-04-01,WB017,Success,260,2690394,3
2026-04-01,WB018,Success,217,1396518,12
2026-04-01,WB019,Success,138,1961140,18
2026-04-01,WB020,Success,383,871773,6
2026-04-01,WB021,Failed,291,477182,27
2026-04-01,WB022,Success,67,1600187,20
2026-04-01,WB023,Success,21,738739,21
2026-04-01,WB024,Success,241,633317,9
2026-04-01,WB025,Success,294,1752452,7
2026-04-01,WB026,Success,233,1641910,4
2026-04-01,WB027,Success,277,1831843,5
2026-04-01,WB028,Success,260,334952,39
2026-04-02,WB001,Success,26,1572457,5
2026-04-02,WB002,Success,58,798414,27
2026-04-02,WB003,Success,95,1411700,31
2026-04-02,WB004,Success,59,1263676,40
2026-04-02,WB005,Success,49,2158361,36
2026-04-02,WB006,Success,275,2410642,5
2026-04-02,WB007,Success,335,106819,2
2026-04-02,WB008,Success,110,1870544,11
2026-04-02,WB009,Success,248,1890938,18
2026-04-02,WB010,Success,318,83434,27
2026-04-02,WB011,Success,41,382655,33
2026-04-02,WB012,Success,250,740358,34
2026-04-02,WB013,Success,360,1075250,9
2026-04-02,WB014,Success,58,220223,17
2026-04-02,WB015,Success,178,1126302,23
2026-04-02,WB016,Success,211,2356351,30
2026-04-02,WB017,Success,98,2115340,38
2026-04-02,WB018,Success,328,2632716,18
2026-04-02,WB019,Success,143,616174,27
2026-04-02,WB020,Failed,150,504876,28
2026-04-02,WB021,Success,84,1303918,15
2026-04-02,WB022,Success,236,715584,15
2026-04-02,WB023,Success,303,2286697,32
2026-04-02,WB024,Success,369,810095,41
2026-04-02,WB025,Success,361,177048,8
2026-04-02,WB026,Success,103,1186152,16
2026-04-02,WB027,Success,110,927997,40
2026-04-02,WB028,Success,235,1343665,14
2026-04-03,WB001,Success,122,98837,32
2026-04-03,WB002,Success,385,1899079,37
2026-04-03,WB003,Failed,236,2425583,18
2026-04-03,WB004,Success,318,1184424,25
2026-04-03,WB005,Success,243,2436121,40
2026-04-03,WB006,Success,189,406055,18
2026-04-03,WB007,Success,288,1575039,8
2026-04-03,WB008,Failed,105,593082,26
2026-04-03,WB009,Success,198,348152,2
2026-04-03,WB010,Success,215,2515482,15
2026-04-03,WB011,Success,137,1821709,2
2026-04-03,WB012,Success,130,1186905,5
2026-04-03,WB013,Success,188,1321288,12
2026-04-03,WB014,Success,63,107163,36
2026-04-03,WB015,Success,48,1460385,14
2026-04-03,WB016,Success,96,524406,13
2026-04-03,WB017,Success,67,2188679,41
2026-04-03,WB018,Success,372,2051989,23
2026-04-03,WB019,Success,398,2194995,32
2026-04-03,WB020,Success,205,665028,40
2026-04-03,WB021,Success,268,484952,11
2026-04-03,WB022,Success,133,846631,20
2026-04-03,WB023,Success,199,928292,10
2026-04-03,WB024,Success,75,2753836,2
2026-04-03,WB025,Failed,322,210904,28
2026-04-03,WB026,Success,26,738220,31
2026-04-03,WB027,Success,35,1116536,22
2026-04-03,WB028,Success,74,1606203,25
2026-04-04,WB001,Success,188,828185,12
2026-04-04,WB002,Success,138,1129040,20
2026-04-04,WB003,Success,176,1764188,15
2026-04-04,WB004,Success,239,2652497,22
2026-04-04,WB005,Success,379,228988,13
2026-04-04,WB006,Success,86,2341214,25
2026-04-04,WB007,Failed,306,393595,38
2026-04-04,WB008,Success,402,2547766,18
2026-04-04,WB009,Success,81,500734,40
2026-04-04,WB010,Success,350,201392,25
2026-04-04,WB011,Success,47,1604676,37
2026-04-04,WB012,Success,315,526431,16
2026-04-04,WB013,Success,89,2510762,13
2026-04-04,WB014,Success,387,190435,14
2026-04-04,WB015,Success,292,479610,9
2026-04-04,WB016,Success,178,1371970,32
2026-04-04,WB017,Success,118,491015,3
2026-04-04,WB018,Success,368,848108,39
2026-04-04,WB019,Success,114,2322527,32
2026-04-04,WB020,Success,363,1616605,6
2026-04-04,WB021,Success,137,1777729,15
2026-04-04,WB022,Success,93,2332765,22
2026-04-04,WB023,Success,108,474191,17
2026-04-04,WB024,Success,333,895992,38
2026-04-04,WB025,Success,93,1831118,24
2026-04-04,WB026,Success,327,1006035,4
2026-04-04,WB027,Success,105,1641687,24
2026-04-04,WB028,Success,374,2123907,13
2026-04-05,WB001,Success,34,1180064,10
2026-04-05,WB002,Success,107,787511,11
2026-04-05,WB003,Success,102,918116,10
2026-04-05,WB004,Success,118,486933,4
2026-04-05,WB005,Success,237,6804,29
2026-04-05,WB006,Success,89,2149439,5
2026-04-05,WB007,Success,385,1522272,25
2026-04-05,WB008,Success,270,389148,17
2026-04-05,WB009,Success,127,1116615,1
2026-04-05,WB010,Success,258,2291401,3
2026-04-05,WB011,Success,50,998339,3
2026-04-05,WB012,Success,326,1651813,22
2026-04-05,WB013,Success,411,1727506,33
2026-04-05,WB014,Success,53,905009,22
2026-04-05,WB015,Failed,343,2570571,36
2026-04-05,WB016,Success,305,2483058,33
2026-04-05,WB017,Success,392,2029901,39
2026-04-05,WB018,Success,104,348585,36
2026-04-05,WB019,Success,363,1342984,2
2026-04-05,WB020,Success,71,2447574,15
2026-04-05,WB021,Success,103,2566329,21
2026-04-05,WB022,Success,346,231856,9
2026-04-05,WB023,Success,406,1244043,4
2026-04-05,WB024,Success,262,2641292,38
2026-04-05,WB025,Success,32,1611111,20
2026-04-05,WB026,Success,142,385635,7
2026-04-05,WB027,Success,77,1226348,39
2026-04-05,WB028,Success,408,276081,28
2026-04-06,WB001,Success,39,935049,26
2026-04-06,WB002,Success,21,1036512,27
2026-04-06,WB003,Success,28,1031322,28
2026-04-06,WB004,Success,259,34425,3
2026-04-06,WB005,Success,291,390110,11
2026-04-06,WB006,Failed,193,186543,33
2026-04-06,WB007,Success,68,1363899,13
2026-04-06,WB008,Success,315,269120,23
2026-04-06,WB009,Success,175,879116,5
2026-04-06,WB010,Success,273,2172933,27
2026-04-06,WB011,Success,99,1272211,30
2026-04-06,WB012,Success,343,1562955,21
2026-04-06,WB013,Success,35,1735431,6
2026-04-06,WB014,Success,212,1072726,4
2026-04-06,WB015,Success,237,1117276,15
2026-04-06,WB016,Success,306,1313401,41
2026-04-06,WB017,Success,92,897649,10
2026-04-06,WB018,Success,18,442493,22
2026-04-06,WB019,Success,135,2747686,4
2026-04-06,WB020,Success,89,2292300,22
2026-04-06,WB021,Success,167,674280,7
2026-04-06,WB022,Success,286,2313020,35
2026-04-06,WB023,Success,316,1289292,41
2026-04-06,WB024,Success,24,1640553,39
2026-04-06,WB025,Success,210,2328441,15
2026-04-06,WB026,Success,313,1773992,3
2026-04-06,WB027,Failed,287,2089894,11
2026-04-06,WB028,Failed,211,2222803,11
2026-04-07,WB001,Success,19,662537,26
2026-04-07,WB002,Success,232,1123685,13
2026-04-07,WB003,Success,272,1328930,35
2026-04-07,WB004,Success,247,1622128,15
2026-04-07,WB005,Success,174,962956,5
2026-04-07,WB006,Success,336,1658650,20
2026-04-07,WB007,Failed,133,167157,20
2026-04-07,WB008,Success,148,699726,37
2026-04-07,WB009,Success,154,2404751,40
2026-04-07,WB010,Failed,399,1053402,7
2026-04-07,WB011,Success,301,2126345,11
2026-04-07,WB012,Success,78,974601,3
2026-04-07,WB013,Success,66,1021330,13
2026-04-07,WB014,Success,203,1920108,17
2026-04-07,WB015,Success,289,2083964,28
2026-04-07,WB016,Success,71,2003253,21
2026-04-07,WB017,Success,369,1059144,36
2026-04-07,WB018,Success,65,803274,23
2026-04-07,WB019,Success,28,422867,11
2026-04-07,WB020,Success,158,1554367,38
2026-04-07,WB021,Success,396,1177372,40
2026-04-07,WB022,Success,160,2329431,42
2026-04-07,WB023,Success,395,410980,20
2026-04-07,WB024,Success,86,1373493,5
2026-04-07,WB025,Success,85,212611,8
2026-04-07,WB026,Success,245,2611825,4
2026-04-07,WB027,Success,117,2785993,24
2026-04-07,WB028,Success,254,1767744,28
2026-04-08,WB001,Success,102,148561,13
2026-04-08,WB002,Failed,184,605103,35
2026-04-08,WB003,Success,325,340041,10
2026-04-08,WB004,Success,226,1780473,32
2026-04-08,WB005,Success,365,700717,42
2026-04-08,WB006,Success,77,1075002,34
2026-04-08,WB007,Success,255,454395,26
2026-04-08,WB008,Success,65,2160971,3
2026-04-08,WB009,Success,162,2286049,32
2026-04-08,WB010,Success,384,798034,38
2026-04-08,WB011,Success,186,119152,41
2026-04-08,WB012,Success,56,2744145,17
2026-04-08,WB013,Success,293,607699,25
2026-04-08,WB014,Success,39,2711174,10
2026-04-08,WB015,Success,363,82917,24
2026-04-08,WB016,Success,26,2625211,32
2026-04-08,WB017,Failed,378,804660,40
2026-04-08,WB018,Success,196,2111551,32
2026-04-08,WB019,Success,317,2232494,19
2026-04-08,WB020,Success,276,334380,39
2026-04-08,WB021,Success,190,856468,19
2026-04-08,WB022,Success,335,806131,13
2026-04-08,WB023,Success,194,1382573,11
2026-04-08,WB024,Success,97,2396546,18
2026-04-08,WB025,Success,183,142888,30
2026-04-08,WB026,Success,394,1696407,12
2026-04-08,WB027,Success,82,2220417,4
2026-04-08,WB028,Success,311,1145972,9
2026-04-09,WB001,Success,410,2413604,11
2026-04-09,WB002,Success,97,568086,19
2026-04-09,WB003,Success,132,2710550,9
2026-04-09,WB004,Success,174,55982,25
2026-04-09,WB005,Success,248,1987902,5
2026-04-09,WB006,Success,277,240775,36
2026-04-09,WB007,Success,284,2654444,2
2026-04-09,WB008,Failed,322,2733639,2
2026-04-09,WB009,Success,131,699361,36
2026-04-09,WB010,Success,197,2357672,22
2026-04-09,WB011,Success,394,1070206,30
2026-04-09,WB012,Success,80,1914445,37
2026-04-09,WB013,Success,67,2480540,14
2026-04-09,WB014,Success,80,1970249,15
2026-04-09,WB015,Success,353,1957269,7
2026-04-09,WB016,Failed,401,1997018,9
2026-04-09,WB017,Success,169,2357665,16
2026-04-09,WB018,Success,31,1687945,36
2026-04-09,WB019,Success,222,496074,29
2026-04-09,WB020,Success,375,2447786,30
2026-04-09,WB021,Success,374,600314,34
2026-04-09,WB022,Success,167,672848,3
2026-04-09,WB023,Success,350,2787760,41
2026-04-09,WB024,Success,167,770669,18
2026-04-09,WB025,Success,168,101111,5
2026-04-09,WB026,Success,333,404384,9
2026-04-09,WB027,Success,297,873854,34
2026-04-09,WB028,Success,342,1066774,25
2026-04-10,WB001,Success,324,960407,11
2026-04-10,WB002,Success,234,2059009,29
2026-04-10,WB003,Success,167,860955,34
2026-04-10,WB004,Success,378,234074,16
2026-04-10,WB005,Success,205,660970,23
2026-04-10,WB006,Success,360,1094888,33
2026-04-10,WB007,Success,327,735422,18
2026-04-10,WB008,Success,403,2117103,36
2026-04-10,WB009,Success,311,2627673,20
2026-04-10,WB010,Success,106,1401593,21
2026-04-10,WB011,Success,332,1718064,25
2026-04-10,WB012,Success,114,911637,29
2026-04-10,WB013,Success,387,2427182,17
2026-04-10,WB014,Success,305,1499780,14
2026-04-10,WB015,Success,252,53824,26
2026-04-10,WB016,Success,106,904387,38
2026-04-10,WB017,Success,359,1917640,21
2026-04-10,WB018,Success,142,305883,5
2026-04-10,WB019,Failed,398,1161469,40
2026-04-10,WB020,Success,395,2672682,38
2026-04-10,WB021,Success,50,1038359,23
2026-04-10,WB022,Success,92,101801,37
2026-04-10,WB023,Success,243,243277,6
2026-04-10,WB024,Failed,136,464162,3
2026-04-10,WB025,Success,119,779505,26
2026-04-10,WB026,Success,32,1119584,27
2026-04-10,WB027,Success,152,2024725,14
2026-04-10,WB028,Success,164,1936458,26
2026-04-11,WB001,Success,168,561787,4
2026-04-11,WB002,Success,177,1716119,5
2026-04-11,WB003,Success,303,1364173,18
2026-04-11,WB004,Success,304,381887,22
2026-04-11,WB005,Success,79,1206140,12
2026-04-11,WB006,Success,398,1342821,26
2026-04-11,WB007,Success,415,197557,30
2026-04-11,WB008,Success,303,57135,11
2026-04-11,WB009,Failed,139,2313421,15
2026-04-11,WB010,Success,347,720319,41
2026-04-11,WB011,Success,266,2123072,29
2026-04-11,WB012,Success,354,2382943,23
2026-04-11,WB013,Success,358,2439087,6
2026-04-11,WB014,Success,388,2013143,5
2026-04-11,WB015,Success,232,1395863,38
2026-04-11,WB016,Success,420,528802,12
2026-04-11,WB017,Success,196,2062889,36
2026-04-11,WB018,Success,115,619412,2
2026-04-11,WB019,Success,197,2667708,33
2026-04-11,WB020,Success,360,1947631,12
2026-04-11,WB021,Success,298,968559,2
2026-04-11,WB022,Success,85,2115520,23
2026-04-11,WB023,Success,86,1596713,18
2026-04-11,WB024,Success,53,600473,5
2026-04-11,WB025,Success,203,1213493,13
2026-04-11,WB026,Success,336,70828,8
2026-04-11,WB027,Success,393,1791988,14
2026-04-11,WB028,Success,330,2286175,36
2026-04-12,WB001,Failed,81,1713444,4
2026-04-12,WB002,Failed,108,1377345,36
2026-04-12,WB003,Success,291,1013348,17
2026-04-12,WB004,Failed,281,2456083,3
2026-04-12,WB005,Failed,54,1212204,25
2026-04-12,WB006,Success,385,1269420,35
2026-04-12,WB007,Failed,178,2525989,23
2026-04-12,WB008,Success,200,363722,15
2026-04-12,WB009,Success,320,1251298,22
2026-04-12,WB010,Success,400,268430,18
2026-04-12,WB011,Success,187,1300182,30
2026-04-12,WB012,Success,101,2034489,18
2026-04-12,WB013,Success,76,754666,36
2026-04-12,WB014,Success,173,1562463,35
2026-04-12,WB015,Success,316,955959,20
2026-04-12,WB016,Success,242,875339,32
2026-04-12,WB017,Success,51,1793353,34
2026-04-12,WB018,Success,236,2796012,3
2026-04-12,WB019,Success,151,2757801,41
2026-04-12,WB020,Success,50,209470,20
2026-04-12,WB021,Success,226,1375195,19
2026-04-12,WB022,Success,146,1834654,21
2026-04-12,WB023,Success,194,199321,31
2026-04-12,WB024,Success,254,2271015,4
2026-04-12,WB025,Success,354,2799509,28
2026-04-12,WB026,Success,226,2529748,2
2026-04-12,WB027,Failed,387,1537961,20
2026-04-12,WB028,Success,196,2789725,17
2026-04-13,WB001,Success,91,1856778,36
2026-04-13,WB002,Success,75,918111,24
2026-04-13,WB003,Success,234,2019668,33
2026-04-13,WB004,Success,369,2345662,11
2026-04-13,WB005,Success,327,978340,39
2026-04-13,WB006,Success,309,2166717,4
2026-04-13,WB007,Success,131,823591,8
2026-04-13,WB008,Success,132,953879,15
2026-04-13,WB009,Failed,93,1026075,35
2026-04-13,WB010,Success,268,1182375,12
2026-04-13,WB011,Success,289,1236764,29
2026-04-13,WB012,Success,247,1034114,6
2026-04-13,WB013,Success,308,1467092,29
2026-04-13,WB014,Success,155,2351422,18
2026-04-13,WB015,Success,54,2443793,33
2026-04-13,WB016,Success,190,1995474,20
2026-04-13,WB017,Success,283,548418,14
2026-04-13,WB018,Success,358,149408,10
2026-04-13,WB019,Success,41,2496546,10
2026-04-13,WB020,Success,285,411125,25
2026-04-13,WB021,Success,262,1061682,11
2026-04-13,WB022,Success,368,1675784,27
2026-04-13,WB023,Success,255,1283839,31
2026-04-13,WB024,Success,227,1372977,34
2026-04-13,WB025,Success,341,2132809,18
2026-04-13,WB026,Success,111,1673593,25
2026-04-13,WB027,Success,209,706123,39
2026-04-13,WB028,Success,408,1896373,17
2026-04-14,WB001,Success,189,2191700,4
2026-04-14,WB002,Success,76,2269150,37
2026-04-14,WB003,Failed,262,2055174,4
2026-04-14,WB004,Success,34,2274776,16
2026-04-14,WB005,Success,383,1941924,21
2026-04-14,WB006,Success,231,1966738,39
2026-04-14,WB007,Success,135,598777,41
2026-04-14,WB008,Success,68,664457,13
2026-04-14,WB009,Success,118,1740406,37
2026-04-14,WB010,Success,150,1413287,28
2026-04-14,WB011,Success,240,2525415,28
2026-04-14,WB012,Success,136,1644182,7
2026-04-14,WB013,Success,150,1772110,4
2026-04-14,WB014,Success,345,778069,11
2026-04-14,WB015,Success,200,2758958,13
2026-04-14,WB016,Success,260,2414898,1
2026-04-14,WB017,Success,108,2224733,23
2026-04-14,WB018,Failed,382,2722382,41
2026-04-14,WB019,Success,180,1903349,40
2026-04-14,WB020,Failed,184,1359425,2
2026-04-14,WB021,Success,223,668386,39
2026-04-14,WB022,Success,212,1394237,2
2026-04-14,WB023,Success,210,827292,20
2026-04-14,WB024,Success,298,1012139,7
2026-04-14,WB025,Success,253,615286,7
2026-04-14,WB026,Success,298,2168047,12
2026-04-14,WB027,Success,308,838938,8
2026-04-14,WB028,Success,162,2643660,39
2026-04-15,WB001,Success,408,514443,42
2026-04-15,WB002,Success,128,2254314,8
2026-04-15,WB003,Success,207,1065575,35
2026-04-15,WB004,Success,233,845543,15
2026-04-15,WB005,Success,273,2311343,2
2026-04-15,WB006,Success,357,2054315,20
2026-04-15,WB007,Success,279,1423314,12
2026-04-15,WB008,Success,388,474962,28
2026-04-15,WB009,Success,139,442643,18
2026-04-15,WB010,Success,115,2539792,5
2026-04-15,WB011,Success,61,2791776,16
2026-04-15,WB012,Success,47,59398,7
2026-04-15,WB013,Success,324,1575851,28
2026-04-15,WB014,Success,349,2632640,39
2026-04-15,WB015,Success,381,1598780,34
2026-04-15,WB016,Success,307,356328,42
2026-04-15,WB017,Success,91,2424020,23
2026-04-15,WB018,Success,330,2174588,26
2026-04-15,WB019,Success,277,1175033,35
2026-04-15,WB020,Success,53,1732912,3
2026-04-15,WB021,Success,190,1100431,33
2026-04-15,WB022,Failed,193,2101897,19
2026-04-15,WB023,Success,330,748813,7
2026-04-15,WB024,Success,98,1545678,29
2026-04-15,WB025,Success,164,88282,40
2026-04-15,WB026,Success,255,1825039,2
2026-04-15,WB027,Failed,386,1210659,27
2026-04-15,WB028,Success,95,2700215,23
2026-04-16,WB001,Success,88,825376,12
2026-04-16,WB002,Success,343,2198386,12
2026-04-16,WB003,Success,77,2493060,13
2026-04-16,WB004,Success,272,2645854,18
2026-04-16,WB005,Failed,290,1083807,17
2026-04-16,WB006,Success,312,104903,4
2026-04-16,WB007,Success,153,950139,38
2026-04-16,WB008,Success,349,1935359,2
2026-04-16,WB009,Success,269,734649,11
2026-04-16,WB010,Failed,179,2605827,7
2026-04-16,WB011,Success,203,712341,41
2026-04-16,WB012,Success,68,1604617,35
2026-04-16,WB013,Success,29,1922644,35
2026-04-16,WB014,Success,246,1960362,39
2026-04-16,WB015,Success,379,2681126,20
2026-04-16,WB016,Success,119,552319,36
2026-04-16,WB017,Success,207,855888,2
2026-04-16,WB018,Success,419,955361,11
2026-04-16,WB019,Success,320,1908648,26
2026-04-16,WB020,Success,260,1304653,22
2026-04-16,WB021,Success,182,1955517,19
2026-04-16,WB022,Success,339,1900019,11
2026-04-16,WB023,Success,84,1747450,35
2026-04-16,WB024,Success,245,1804990,17
2026-04-16,WB025,Success,216,1260399,7
2026-04-16,WB026,Success,306,1210553,8
2026-04-16,WB027,Success,270,50144,16
2026-04-16,WB028,Success,350,1178570,2
2026-04-17,WB001,Success,372,576818,25
2026-04-17,WB002,Success,201,764898,7
2026-04-17,WB003,Success,134,524108,11
2026-04-17,WB004,Success,295,2702190,36
2026-04-17,WB005,Success,237,2063162,13
2026-04-17,WB006,Success,418,2487387,1
2026-04-17,WB007,Success,127,1726165,3
2026-04-17,WB008,Success,172,2798895,37
2026-04-17,WB009,Success,254,19613,35
2026-04-17,WB010,Success,377,138446,7
2026-04-17,WB011,Success,416,32274,28
2026-04-17,WB012,Success,169,2392659,23
2026-04-17,WB013,Success,242,627830,19
2026-04-17,WB014,Success,261,1849273,13
2026-04-17,WB015,Success,200,992217,9
2026-04-17,WB016,Success,294,1493078,22
2026-04-17,WB017,Success,320,2560641,41
2026-04-17,WB018,Success,337,2346532,12
2026-04-17,WB019,Success,250,2734289,30
2026-04-17,WB020,Success,99,2165057,24
2026-04-17,WB021,Success,236,2746726,29
2026-04-17,WB022,Success,277,2692038,41
2026-04-17,WB023,Success,223,1729980,3
2026-04-17,WB024,Success,412,318494,14
2026-04-17,WB025,Failed,288,2135310,41
2026-04-17,WB026,Success,87,2072446,42
2026-04-17,WB027,Success,391,1353668,30
2026-04-17,WB028,Success,249,2652969,5
2026-04-18,WB001,Success,253,280846,15
2026-04-18,WB002,Success,235,768935,22
2026-04-18,WB003,Success,164,877305,24
2026-04-18,WB004,Success,152,1677435,29
2026-04-18,WB005,Failed,310,1107703,3
2026-04-18,WB006,Success,165,331900,9
2026-04-18,WB007,Failed,221,1235100,32
2026-04-18,WB008,Success,311,1039900,10
2026-04-18,WB009,Failed,362,1904856,42
2026-04-18,WB010,Success,36,960636,35
2026-04-18,WB011,Success,225,2403214,17
2026-04-18,WB012,Success,279,1727118,39
2026-04-18,WB013,Success,167,1885572,24
2026-04-18,WB014,Success,37,1678029,11
2026-04-18,WB015,Success,156,779442,24
2026-04-18,WB016,Success,310,2239277,41
2026-04-18,WB017,Success,259,2362096,15
2026-04-18,WB018,Success,116,505238,9
2026-04-18,WB019,Success,34,537902,37
2026-04-18,WB020,Success,279,1559682,13
2026-04-18,WB021,Success,73,1330342,4
2026-04-18,WB022,Success,103,226388,42
2026-04-18,WB023,Success,43,2623724,25
2026-04-18,WB024,Success,204,2124448,15
2026-04-18,WB025,Success,73,2029577,15
2026-04-18,WB026,Success,238,178256,20
2026-04-18,WB027,Success,256,2132736,4
2026-04-18,WB028,Success,377,1612185,1
2026-04-19,WB001,Success,274,1937111,19
2026-04-19,WB002,Failed,91,2014956,29
2026-04-19,WB003,Failed,360,2461151,41
2026-04-19,WB004,Success,281,1503685,13
2026-04-19,WB005,Success,367,1327983,7
2026-04-19,WB006,Success,297,1497629,35
2026-04-19,WB007,Success,181,1505254,32
2026-04-19,WB008,Success,324,1666611,11
2026-04-19,WB009,Success,245,654648,25
2026-04-19,WB010,Success,265,2644132,2
2026-04-19,WB011,Success,213,221095,27
2026-04-19,WB012,Success,358,530181,30
2026-04-19,WB013,Success,129,721668,4
2026-04-19,WB014,Success,319,1133719,3
2026-04-19,WB015,Success,135,2799167,15
2026-04-19,WB016,Success,206,849861,7
2026-04-19,WB017,Success,293,65393,33
2026-04-19,WB018,Success,214,1251738,11
2026-04-19,WB019,Success,144,69103,4
2026-04-19,WB020,Success,187,1497050,19
2026-04-19,WB021,Success,386,718658,29
2026-04-19,WB022,Success,62,2089308,11
2026-04-19,WB023,Success,274,419357,3
2026-04-19,WB024,Failed,38,428763,33
2026-04-19,WB025,Success,358,2795460,16
2026-04-19,WB026,Success,62,513017,39
2026-04-19,WB027,Success,124,2021894,24
2026-04-19,WB028,Success,249,452328,14
2026-04-20,WB001,Failed,187,1870653,32
2026-04-20,WB002,Success,218,2519600,3
2026-04-20,WB003,Failed,184,1391878,30
2026-04-20,WB004,Success,170,1015064,8
2026-04-20,WB005,Success,408,334632,42
2026-04-20,WB006,Success,67,1050635,8
2026-04-20,WB007,Success,357,1947357,5
2026-04-20,WB008,Success,156,1173974,4
2026-04-20,WB009,Success,222,1978022,10
2026-04-20,WB010,Success,407,1322222,21
2026-04-20,WB011,Success,83,208955,37
2026-04-20,WB012,Success,77,2565432,14
2026-04-20,WB013,Success,42,986366,19
2026-04-20,WB014,Success,213,1434679,22
2026-04-20,WB015,Success,73,2744554,15
2026-04-20,WB016,Success,253,1194868,19
2026-04-20,WB017,Success,407,1679809,11
2026-04-20,WB018,Failed,378,932222,4
2026-04-20,WB019,Success,22,1188987,37
2026-04-20,WB020,Success,372,1586459,7
2026-04-20,WB021,Success,98,1917790,31
2026-04-20,WB022,Success,218,977658,40
2026-04-20,WB023,Success,343,368720,29
2026-04-20,WB024,Success,416,187813,4
2026-04-20,WB025,Success,286,1658727,9
2026-04-20,WB026,Success,416,1732070,34
2026-04-20,WB027,Success,283,1706543,27
2026-04-20,WB028,Success,392,2314658,24
2026-04-21,WB001,Success,236,339705,4
2026-04-21,WB002,Success,331,2529504,39
2026-04-21,WB003,Failed,57,601259,7
2026-04-21,WB004,Success,48,2760532,25
2026-04-21,WB005,Success,243,2641162,27
2026-04-21,WB006,Success,133,2051658,4
2026-04-21,WB007,Success,173,577365,37
2026-04-21,WB008,Success,210,2741465,18
2026-04-21,WB009,Success,151,1891582,38
2026-04-21,WB010,Success,129,1297569,14
2026-04-21,WB011,Success,348,2279749,24
2026-04-21,WB012,Success,91,1685671,23
2026-04-21,WB013,Success,286,2602174,15
2026-04-21,WB014,Success,79,963300,33
2026-04-21,WB015,Success,39,853367,40
2026-04-21,WB016,Failed,231,203235,21
2026-04-21,WB017,Success,370,1076566,34
2026-04-21,WB018,Failed,127,1616627,21
2026-04-21,WB019,Success,171,92939,18
2026-04-21,WB020,Failed,212,260798,22
2026-04-21,WB021,Success,55,2355490,12
2026-04-21,WB022,Success,128,1076731,10
2026-04-21,WB023,Success,54,1437633,40
2026-04-21,WB024,Failed,390,2561248,23
2026-04-21,WB025,Success,249,826472,27
2026-04-21,WB026,Success,167,178877,11
2026-04-21,WB027,Success,319,1350752,36
2026-04-21,WB028,Success,412,1128403,39
2026-04-22,WB001,Success,27,2758514,26
2026-04-22,WB002,Success,289,154109,9
2026-04-22,WB003,Failed,226,2674422,28
2026-04-22,WB004,Success,149,251704,12
2026-04-22,WB005,Success,377,1321787,18
2026-04-22,WB006,Success,221,8935,36
2026-04-22,WB007,Success,210,829279,34
2026-04-22,WB008,Failed,220,685897,10
2026-04-22,WB009,Success,305,1917318,31
2026-04-22,WB010,Failed,300,2290014,39
2026-04-22,WB011,Success,390,759161,25
2026-04-22,WB012,Failed,109,2620725,15
2026-04-22,WB013,Success,173,2786673,16
2026-04-22,WB014,Success,395,2078843,41
2026-04-22,WB015,Failed,299,335787,36
2026-04-22,WB016,Success,302,265613,34
2026-04-22,WB017,Success,222,776648,10
2026-04-22,WB018,Success,31,1141447,5
2026-04-22,WB019,Success,213,1713452,38
2026-04-22,WB020,Success,399,1589356,16
2026-04-22,WB021,Success,290,2693959,39
2026-04-22,WB022,Success,123,2513063,35
2026-04-22,WB023,Success,69,323711,12
2026-04-22,WB024,Success,49,544807,1
2026-04-22,WB025,Success,347,324923,36
2026-04-22,WB026,Success,288,2287831,36
2026-04-22,WB027,Success,397,1820068,23
2026-04-22,WB028,Failed,275,2398563,38
2026-04-23,WB001,Success,209,1355149,31
2026-04-23,WB002,Success,175,973479,41
2026-04-23,WB003,Success,35,2687661,5
2026-04-23,WB004,Success,391,1545656,5
2026-04-23,WB005,Success,75,1594229,27
2026-04-23,WB006,Success,400,871011,34
2026-04-23,WB007,Success,271,1597953,3
2026-04-23,WB008,Success,130,1249234,20
2026-04-23,WB009,Success,244,1920419,27
2026-04-23,WB010,Success,250,659397,23
2026-04-23,WB011,Success,145,2378417,42
2026-04-23,WB012,Success,178,2635258,16
2026-04-23,WB013,Success,38,70330,31
2026-04-23,WB014,Success,231,1160255,40
2026-04-23,WB015,Success,197,212224,33
2026-04-23,WB016,Success,287,2072180,23
2026-04-23,WB017,Failed,339,1993615,28
2026-04-23,WB018,Failed,176,2717545,1
2026-04-23,WB019,Success,175,1377932,17
2026-04-23,WB020,Success,203,2525635,40
2026-04-23,WB021,Success,96,2462658,24
2026-04-23,WB022,Success,179,2577251,34
2026-04-23,WB023,Failed,371,1064170,31
2026-04-23,WB024,Success,196,2553131,23
2026-04-23,WB025,Success,69,2017257,2
2026-04-23,WB026,Success,316,652072,15
2026-04-23,WB027,Success,134,314330,18
2026-04-23,WB028,Success,383,2068730,3
2026-04-24,WB001,Success,141,1549317,31
2026-04-24,WB002,Success,371,2491109,15
2026-04-24,WB003,Success,414,611250,26
2026-04-24,WB004,Success,45,2517741,36
2026-04-24,WB005,Success,245,2477535,11
2026-04-24,WB006,Success,361,2684551,1
2026-04-24,WB007,Failed,263,1256907,36
2026-04-24,WB008,Success,167,1461407,31
2026-04-24,WB009,Success,94,1332085,42
2026-04-24,WB010,Success,262,1808363,39
2026-04-24,WB011,Success,181,2342098,35
2026-04-24,WB012,Success,350,1136587,33
2026-04-24,WB013,Success,102,1109311,39
2026-04-24,WB014,Success,134,1008974,36
2026-04-24,WB015,Success,231,2126132,10
2026-04-24,WB016,Failed,139,245452,5
2026-04-24,WB017,Success,312,266410,17
2026-04-24,WB018,Success,244,2177966,20
2026-04-24,WB019,Failed,163,6517,21
2026-04-24,WB020,Success,355,2515165,27
2026-04-24,WB021,Success,112,1281121,40
2026-04-24,WB022,Success,393,2536758,11
2026-04-24,WB023,Success,344,2283645,31
2026-04-24,WB024,Success,411,102574,5
2026-04-24,WB025,Success,377,2441412,6
2026-04-24,WB026,Success,36,401296,10
2026-04-24,WB027,Success,277,2770482,18
2026-04-24,WB028,Success,39,1718895,27
2026-04-25,WB001,Success,376,815170,15
2026-04-25,WB002,Success,19,946740,39
2026-04-25,WB003,Success,333,2532257,14
2026-04-25,WB004,Success,225,2059403,31
2026-04-25,WB005,Success,308,809885,26
2026-04-25,WB006,Success,293,2407151,42
2026-04-25,WB007,Success,270,1676143,8
2026-04-25,WB008,Success,115,1543118,41
2026-04-25,WB009,Failed,223,372338,17
2026-04-25,WB010,Success,35,1840178,8
2026-04-25,WB011,Success,163,2320952,26
2026-04-25,WB012,Success,359,897492,38
2026-04-25,WB013,Success,151,2343291,19
2026-04-25,WB014,Success,193,891749,41
2026-04-25,WB015,Success,124,386818,39
2026-04-25,WB016,Success,21,1333097,34
2026-04-25,WB017,Success,220,657174,23
2026-04-25,WB018,Success,389,380754,28
2026-04-25,WB019,Success,31,2539886,39
2026-04-25,WB020,Success,318,1923314,22
2026-04-25,WB021,Success,388,81768,19
2026-04-25,WB022,Success,255,473735,36
2026-04-25,WB023,Success,52,1211999,27
2026-04-25,WB024,Success,331,2574017,10
2026-04-25,WB025,Success,161,2417900,21
2026-04-25,WB026,Success,358,859571,23
2026-04-25,WB027,Success,368,2725387,13
2026-04-25,WB028,Success,340,1403265,15
2026-04-26,WB001,Success,327,1084123,27
2026-04-26,WB002,Success,321,924170,31
2026-04-26,WB003,Success,97,2312350,40
2026-04-26,WB004,Success,346,505985,11
2026-04-26,WB005,Success,272,856410,4
2026-04-26,WB006,Failed,153,2720153,17
2026-04-26,WB007,Success,228,1059953,20
2026-04-26,WB008,Success,194,538663,8
2026-04-26,WB009,Success,110,1272836,10
2026-04-26,WB010,Success,370,2756542,9
2026-04-26,WB011,Success,133,494706,8
2026-04-26,WB012,Success,101,894029,38
2026-04-26,WB013,Success,410,2398270,17
2026-04-26,WB014,Success,119,558447,14
2026-04-26,WB015,Success,102,2757256,36
2026-04-26,WB016,Success,381,2670748,31
2026-04-26,WB017,Success,311,2204059,28
2026-04-26,WB018,Success,108,1636757,12
2026-04-26,WB019,Success,266,2392074,16
2026-04-26,WB020,Success,364,463101,7
2026-04-26,WB021,Success,61,2332718,30
2026-04-26,WB022,Success,329,892822,33
2026-04-26,WB023,Success,314,497140,26
2026-04-26,WB024,Success,130,2100680,30
2026-04-26,WB025,Success,334,2682616,25
2026-04-26,WB026,Success,177,2358145,20
2026-04-26,WB027,Success,30,2103633,11
2026-04-26,WB028,Success,230,873072,37
2026-04-27,WB001,Success,350,1582663,22
2026-04-27,WB002,Success,187,2599068,31
2026-04-27,WB003,Success,214,2375619,24
2026-04-27,WB004,Success,207,859544,32
2026-04-27,WB005,Success,413,1557001,33
2026-04-27,WB006,Success,146,2071458,28
2026-04-27,WB007,Success,400,759734,12
2026-04-27,WB008,Success,328,333737,41
2026-04-27,WB009,Failed,23,1114687,20
2026-04-27,WB010,Success,29,2500397,27
2026-04-27,WB011,Success,187,1159879,13
2026-04-27,WB012,Success,103,323345,19
2026-04-27,WB013,Success,416,514383,14
2026-04-27,WB014,Success,117,1464868,13
2026-04-27,WB015,Success,168,931901,26
2026-04-27,WB016,Success,419,1989811,10
2026-04-27,WB017,Success,267,1939043,21
2026-04-27,WB018,Success,325,957444,13
2026-04-27,WB019,Failed,47,2238281,2
2026-04-27,WB020,Success,46,1213010,13
2026-04-27,WB021,Success,239,1285600,18
2026-04-27,WB022,Success,324,1968971,8
2026-04-27,WB023,Success,370,1042827,4
2026-04-27,WB024,Success,190,2740934,17
2026-04-27,WB025,Success,293,2314655,27
2026-04-27,WB026,Success,70,1868264,4
2026-04-27,WB027,Success,242,1260354,31
2026-04-27,WB028,Success,192,799387,35
2026-04-28,WB001,Success,214,55164,23
2026-04-28,WB002,Success,330,166784,26
2026-04-28,WB003,Failed,265,956379,12
2026-04-28,WB004,Success,67,1626665,11
2026-04-28,WB005,Success,144,544122,11
2026-04-28,WB006,Success,398,1488335,30
2026-04-28,WB007,Success,249,906801,3
2026-04-28,WB008,Success,227,1288248,21
2026-04-28,WB009,Success,300,1436257,14
2026-04-28,WB010,Success,230,1768746,16
2026-04-28,WB011,Success,146,1977596,17
2026-04-28,WB012,Success,404,2621486,18
2026-04-28,WB013,Success,299,563712,32
2026-04-28,WB014,Success,165,2405558,20
2026-04-28,WB015,Success,175,2504497,15
2026-04-28,WB016,Success,171,1435285,28
2026-04-28,WB017,Success,87,1700735,26
2026-04-28,WB018,Success,252,2047716,26
2026-04-28,WB019,Success,140,1262688,19
2026-04-28,WB020,Success,281,659800,22
2026-04-28,WB021,Success,63,763366,38
2026-04-28,WB022,Success,369,2360253,41
2026-04-28,WB023,Success,364,436487,28
2026-04-28,WB024,Success,376,2136114,30
2026-04-28,WB025,Success,403,2754124,19
2026-04-28,WB026,Success,354,2608979,2
2026-04-28,WB027,Failed,202,204037,4
2026-04-28,WB028,Success,318,1200933,8
2026-04-29,WB001,Failed,378,2371696,25
2026-04-29,WB002,Success,129,2630165,17
2026-04-29,WB003,Success,182,1706990,33
2026-04-29,WB004,Success,319,836270,39
2026-04-29,WB005,Success,94,955623,4
2026-04-29,WB006,Success,225,210238,30
2026-04-29,WB007,Success,118,1635198,28
2026-04-29,WB008,Failed,260,664133,37
2026-04-29,WB009,Success,210,1070988,37
2026-04-29,WB010,Failed,304,2440459,14
2026-04-29,WB011,Success,36,786396,9
2026-04-29,WB012,Success,217,2711212,26
2026-04-29,WB013,Success,53,1093102,41
2026-04-29,WB014,Success,85,736619,9
2026-04-29,WB015,Success,307,1445895,12
2026-04-29,WB016,Success,186,403568,7
2026-04-29,WB017,Success,161,972196,7
2026-04-29,WB018,Success,277,1758722,32
2026-04-29,WB019,Success,159,1971266,2
2026-04-29,WB020,Success,212,1101320,39
2026-04-29,WB021,Success,395,2408104,34
2026-04-29,WB022,Success,288,2430671,23
2026-04-29,WB023,Success,217,2557028,28
2026-04-29,WB024,Success,106,1118331,18
2026-04-29,WB025,Success,64,639951,36
2026-04-29,WB026,Success,367,1294962,9
2026-04-29,WB027,Success,215,2614335,9
2026-04-29,WB028,Success,380,2666896,4
2026-04-30,WB001,Success,63,1390843,18
2026-04-30,WB002,Success,114,1482365,9
2026-04-30,WB003,Success,330,945666,14
2026-04-30,WB004,Failed,362,57433,3
2026-04-30,WB005,Success,183,1477552,31
2026-04-30,WB006,Success,221,2501613,26
2026-04-30,WB007,Success,100,1509509,11
2026-04-30,WB008,Success,327,2233165,7
2026-04-30,WB009,Success,42,165204,37
2026-04-30,WB010,Failed,180,414091,3
2026-04-30,WB011,Success,157,2415050,19
2026-04-30,WB012,Success,21,2199811,19
2026-04-30,WB013,Success,413,2136970,30
2026-04-30,WB014,Success,20,1983525,17
2026-04-30,WB015,Success,345,1686863,21
2026-04-30,WB016,Success,391,2355272,10
2026-04-30,WB017,Success,140,898747,21
2026-04-30,WB018,Success,29,2490664,22
2026-04-30,WB019,Success,243,234594,37
2026-04-30,WB020,Success,93,689320,35
2026-04-30,WB021,Success,277,1313851,37
2026-04-30,WB022,Success,77,2677974,15
2026-04-30,WB023,Success,103,2027649,37
2026-04-30,WB024,Success,39,2138284,15
2026-04-30,WB025,Success,199,212701,28
2026-04-30,WB026,Success,141,539320,18
2026-04-30,WB027,Success,161,294883,11
2026-04-30,WB028,Success,310,1989740,22
2026-05-01,WB001,Failed,135,542509,25
2026-05-01,WB002,Success,32,2674657,35
2026-05-01,WB003,Success,370,59287,6
2026-05-01,WB004,Success,277,32193,21
2026-05-01,WB005,Success,91,361967,6
2026-05-01,WB006,Success,322,2104716,1
2026-05-01,WB007,Success,117,1542675,34
2026-05-01,WB008,Success,337,729771,28
2026-05-01,WB009,Success,376,1400933,15
2026-05-01,WB010,Success,60,805692,24
2026-05-01,WB011,Success,363,340370,25
2026-05-01,WB012,Success,29,2216908,24
2026-05-01,WB013,Success,121,850119,30
2026-05-01,WB014,Success,110,1498931,2
2026-05-01,WB015,Success,148,1570897,24
2026-05-01,WB016,Failed,170,2063035,20
2026-05-01,WB017,Success,217,2715781,37
2026-05-01,WB018,Failed,65,2235619,32
2026-05-01,WB019,Success,337,485664,17
2026-05-01,WB020,Success,164,242264,19
2026-05-01,WB021,Success,226,1224403,23
2026-05-01,WB022,Success,380,2161467,29
2026-05-01,WB023,Success,123,2208653,9
2026-05-01,WB024,Success,140,2103077,2
2026-05-01,WB025,Success,111,562386,8
2026-05-01,WB026,Success,84,1691401,5
2026-05-01,WB027,Success,374,2346105,15
2026-05-01,WB028,Success,273,1773015,2
